,Unnamed: 0,sentence,open_q,close_q,affirm,reflect,sd,b,sv,%,aa,ba,qy,ny,fc,qw,nn,bk,h,qy^d,bh,^q,bf,"fo_o_fw_""_by_bc",na,ad,^2,b^m,qo,qh,^h,ar,ng,br,no,fp,qrr,arp_nd,t3,oo_co_cc,aap_am,t1,bd,^g,qw^d,fa,ft
0,0,Friday TGF.,0.0,0.0,0.0,0.0,0.41272387,0.012103876,0.009914095,0.06274614,0.0064849104,0.014943948,0.0035255742,0.0046374765,0.014167564,0.0028794552,0.009607092,0.0073557063,0.033558313,0.006477419,0.0016545339,0.022488821,0.00488443,0.022732126,0.026395079,0.0033472453,0.006691312,0.024350556,0.0015455204,0.0033528078,0.018307226,0.023110555,0.046607748,0.00795067,0.020162955,0.023510687,0.011226076,0.018538848,0.015607928,0.008362892,0.010674921,0.028153514,0.007442995,0.008945959,0.008191259,0.016822493,0.007815409
1,1,All right.,0.0,0.0,0.0,0.0,0.022663448,0.06404258,0.002865804,0.025090035,0.017267304,0.009020146,0.0053575537,0.0014752322,0.2753326,0.001075552,0.0017454281,0.1007929,0.0011654666,0.0143078165,0.002247956,0.004487743,0.007942559,0.32668218,0.0027223642,0.0025480727,0.015217005,0.019384336,0.00028002638,0.0016450203,0.00440636,0.0018460185,0.001577447,0.0060348557,0.001965589,0.0013504574,0.0021543077,0.005157412,0.010644683,0.005070544,0.0012127232,0.0010261575,0.014656106,0.0027834664,0.00094702863,0.0010538044,0.01275402
2,2,"
Yeah.",0.0,0.0,0.0,0.0,0.023257414,0.021952858,0.014499795,0.023086453,0.018760439,0.019691521,0.014288587,0.017821005,0.024131771,0.01877001,0.023994533,0.019390756,0.02444668,0.021679092,0.0184908,0.02428274,0.021715943,0.029862707,0.022794973,0.019167831,0.033947233,0.03931005,0.015122966,0.019688945,0.022263734,0.03154668,0.03065932,0.027602484,0.02448487,0.027682425,0.03407332,0.024333227,0.033435054,0.022902621,0.029717708,0.028145693,0.03492779,0.02639971,0.022588184,0.023586394,0.02549574
3,3,"
Let's see.",0.0,0.0,0.0,0.0,0.023257414,0.021952858,0.014499795,0.023086453,0.018760439,0.019691521,0.014288587,0.017821005,0.024131771,0.01877001,0.023994533,0.019390756,0.02444668,0.021679092,0.0184908,0.02428274,0.021715943,0.029862707,0.022794973,0.019167831,0.033947233,0.03931005,0.015122966,0.019688945,0.022263734,0.03154668,0.03065932,0.027602484,0.02448487,0.027682425,0.03407332,0.024333227,0.033435054,0.022902621,0.029717708,0.028145693,0.03492779,0.02639971,0.022588184,0.023586394,0.02549574
4,4,"So where do we leave off
anything because life going generally
from sorry.",0.0,0.0,0.0,0.0,0.5059314,5.7761485e-05,0.37350973,0.0012475201,0.00019496566,0.00020939011,0.025108391,7.987643e-05,0.00052392314,0.0052005593,0.0001352773,4.5724963e-05,0.0013291591,0.001768959,0.00012546628,0.054549243,0.0076421336,0.0006801557,0.00015053237,0.0020905805,0.0069273203,0.0005563947,0.00019989084,0.010028691,0.0001222946,0.00021389988,7.325917e-05,2.0951029e-05,0.00013832691,4.927896e-05,0.00014911259,0.000112485046,0.00014289955,0.00017517507,3.7820548e-05,9.564782e-05,5.099207e-05,1.52411085e-05,0.00028627663,5.310482e-06,1.8027291e-05
5,5,"
The glucometer.",0.0,0.0,0.0,0.0,0.2959256,0.017134132,0.23150323,0.082713366,0.015465151,0.006146676,0.009435947,0.0016698035,0.008340998,0.009329281,0.002003081,0.0034385177,0.020902807,0.018916018,0.0024798098,0.0058745057,0.037883222,0.009885165,0.015056679,0.009142537,0.08705647,0.0481757,0.0013209869,0.010207251,0.004727878,0.004485534,0.0038273612,0.003292249,0.0019953155,0.001018106,0.0026738965,0.002878114,0.005514994,0.0023877458,0.0034579493,0.0032258737,0.004120226,0.0012770019,0.0041271728,0.00043430514,0.0005492938
6,6,"Yeah,
we should be able to get that for free.",0.0,0.0,0.0,0.0,0.21083154,0.0019561008,0.6745685,0.003010192,0.021258267,0.008810146,0.008472776,0.00082030357,0.0029337802,0.0010314938,0.00040088987,0.00024345996,0.0015807083,0.0023724379,0.00023916246,0.015122053,0.00881492,0.0013716471,0.0028776536,0.010682846,0.0086744875,0.0011933555,0.0001867744,0.008348298,0.0007137012,0.0005241111,0.0004215327,0.00011760879,0.00034251547,6.763191e-05,9.401984e-05,0.0004375253,0.0002468568,0.0005776738,0.00029421382,8.708676e-05,5.512413e-05,1.9507848e-05,0.00015430809,1.4845885e-05,2.9992601e-05
7,7,Weird.,0.0,0.0,0.0,0.0,0.023257414,0.021952858,0.014499795,0.023086453,0.018760439,0.019691521,0.014288587,0.017821005,0.024131771,0.01877001,0.023994533,0.019390756,0.02444668,0.021679092,0.0184908,0.02428274,0.021715943,0.029862707,0.022794973,0.019167831,0.033947233,0.03931005,0.015122966,0.019688945,0.022263734,0.03154668,0.03065932,0.027602484,0.02448487,0.027682425,0.03407332,0.024333227,0.033435054,0.022902621,0.029717708,0.028145693,0.03492779,0.02639971,0.022588184,0.023586394,0.02549574
8,8,"Maybe it was a medic, you think it was a medication instead because one of the two gotcha.",0.0,0.0,0.0,0.0,0.2572201,9.585871e-05,0.62557864,0.00036128977,0.0014430727,0.00036468814,0.0023201883,6.502959e-05,0.0019021876,4.4079214e-05,2.1714652e-05,4.0270505e-05,0.0008586841,0.0076162755,3.9715087e-06,0.00033544016,0.097664006,0.00012602228,0.0010693909,0.00073906314,0.00019638642,0.00034354755,3.3381086e-05,5.3719687e-05,5.1824067e-05,0.00036365006,0.00027151458,1.5572801e-05,0.00011153612,1.116479e-05,3.0443025e-05,0.00041531058,6.4234286e-05,1.9908917e-05,8.6754466e-05,2.0057016e-06,4.5776274e-06,3.6927497e-06,3.3158798e-05,1.634903e-06,1.597351e-05
9,9,"What was it that you were trying to pick up, maybe I can figure that out.",0.0,0.0,0.0,0.0,0.44324252,0.0005169612,0.4239866,0.0028371923,0.000866372,0.005517983,0.0072906353,0.00038878806,0.0024523772,0.040129125,0.0003032229,0.00032485888,0.0016845623,0.0020447762,0.0004743487,0.007539413,0.0032970805,0.0013520059,0.0010074431,0.009834434,0.0026228498,0.001053453,0.005088881,0.027421696,0.002892344,0.00034832992,0.0001689822,0.00026873464,0.0005586473,0.00012463234,6.569316e-05,0.0006633573,0.00056179013,0.0012613552,0.00013573142,0.0011075604,0.00010042503,7.588337e-06,0.00041721415,1.8926525e-05,2.1080787e-05
10,10,"
Oh that new Oh yeah, the new one yeah the metoprolol.",0.0,0.0,0.0,0.0,0.25426477,0.025969442,0.051178385,0.0008878477,0.015245506,0.06756007,0.016117062,0.0036759838,0.0011966937,0.00074576813,4.175273e-05,0.10274536,0.00046066334,0.11804915,0.008489949,0.001252832,0.2565202,0.0025107244,0.03188721,0.00203564,0.009368206,0.016087126,0.001567648,0.00012867272,0.0029360375,0.0005580761,0.0018198611,0.00026606375,0.0036424203,0.00033005935,5.4208245e-05,0.0003214518,0.00059119775,0.00013523975,0.00014780268,0.0002860389,0.0005550644,0.00013851566,0.00014479816,1.02274e-05,7.6231256e-05
11,11,Okay.,0.0,0.0,0.0,0.0,0.023257414,0.021952858,0.014499795,0.023086453,0.018760439,0.019691521,0.014288587,0.017821005,0.024131771,0.01877001,0.023994533,0.019390756,0.02444668,0.021679092,0.0184908,0.02428274,0.021715943,0.029862707,0.022794973,0.019167831,0.033947233,0.03931005,0.015122966,0.019688945,0.022263734,0.03154668,0.03065932,0.027602484,0.02448487,0.027682425,0.03407332,0.024333227,0.033435054,0.022902621,0.029717708,0.028145693,0.03492779,0.02639971,0.022588184,0.023586394,0.02549574
12,12,"Yeah, sure.",0.0,0.0,0.0,0.0,0.023257414,0.021952858,0.014499795,0.023086453,0.018760439,0.019691521,0.014288587,0.017821005,0.024131771,0.01877001,0.023994533,0.019390756,0.02444668,0.021679092,0.0184908,0.02428274,0.021715943,0.029862707,0.022794973,0.019167831,0.033947233,0.03931005,0.015122966,0.019688945,0.022263734,0.03154668,0.03065932,0.027602484,0.02448487,0.027682425,0.03407332,0.024333227,0.033435054,0.022902621,0.029717708,0.028145693,0.03492779,0.02639971,0.022588184,0.023586394,0.02549574
13,13,Yeah.,0.0,0.0,0.0,0.0,0.023257414,0.021952858,0.014499795,0.023086453,0.018760439,0.019691521,0.014288587,0.017821005,0.024131771,0.01877001,0.023994533,0.019390756,0.02444668,0.021679092,0.0184908,0.02428274,0.021715943,0.029862707,0.022794973,0.019167831,0.033947233,0.03931005,0.015122966,0.019688945,0.022263734,0.03154668,0.03065932,0.027602484,0.02448487,0.027682425,0.03407332,0.024333227,0.033435054,0.022902621,0.029717708,0.028145693,0.03492779,0.02639971,0.022588184,0.023586394,0.02549574
14,14,You're welcome.,0.0,0.0,0.0,0.0,0.023257414,0.021952858,0.014499795,0.023086453,0.018760439,0.019691521,0.014288587,0.017821005,0.024131771,0.01877001,0.023994533,0.019390756,0.02444668,0.021679092,0.0184908,0.02428274,0.021715943,0.029862707,0.022794973,0.019167831,0.033947233,0.03931005,0.015122966,0.019688945,0.022263734,0.03154668,0.03065932,0.027602484,0.02448487,0.027682425,0.03407332,0.024333227,0.033435054,0.022902621,0.029717708,0.028145693,0.03492779,0.02639971,0.022588184,0.023586394,0.02549574
15,15,"Yeah, I'm glad that I hope that will work out.",0.0,0.0,0.0,0.0,0.7632867,0.002506274,0.14173481,0.0027358767,0.012134229,0.010066872,0.0035666993,0.00069866754,0.037669897,0.0001944212,8.123129e-05,0.00085862,0.00055369106,0.005180243,9.393476e-05,0.006202515,0.0011666907,0.0022843406,0.0016851671,0.0026298903,0.0017868419,0.00077267335,7.8622514e-05,0.0003334156,0.0003841644,0.00011309522,0.00022674043,3.1906155e-05,0.0001812338,6.042483e-05,2.9416924e-06,0.00022139907,7.6673445e-05,0.0002607986,4.90406e-05,1.9628296e-05,1.6089725e-05,2.4405117e-06,3.859444e-05,2.719142e-06,9.727578e-06
16,16,It's easier to take it's once a day so it's like that that will work out.,0.0,0.0,0.0,0.0,0.36604106,0.00063630345,0.61367947,0.0011580419,0.005389929,0.0023379216,0.0019856805,0.0003064271,0.0019205173,5.242974e-05,1.4119406e-05,7.3733165e-05,0.00041384329,0.00083433854,4.7130572e-05,0.00044244164,0.00094706187,0.00028550273,0.0004208489,0.00039172667,0.0015402626,0.0002870433,1.2233307e-05,0.00014397646,0.0002262615,4.7859397e-05,8.2480175e-05,1.0785605e-05,6.272607e-05,8.702438e-06,1.9656004e-06,7.042045e-05,2.2555063e-05,5.5954326e-05,2.2864786e-05,5.888499e-06,1.1312782e-05,7.7024407e-07,5.763464e-06,5.142561e-07,1.0574718e-06
17,17,Yeah.,0.0,0.0,0.0,0.0,0.023257414,0.021952858,0.014499795,0.023086453,0.018760439,0.019691521,0.014288587,0.017821005,0.024131771,0.01877001,0.023994533,0.019390756,0.02444668,0.021679092,0.0184908,0.02428274,0.021715943,0.029862707,0.022794973,0.019167831,0.033947233,0.03931005,0.015122966,0.019688945,0.022263734,0.03154668,0.03065932,0.027602484,0.02448487,0.027682425,0.03407332,0.024333227,0.033435054,0.022902621,0.029717708,0.028145693,0.03492779,0.02639971,0.022588184,0.023586394,0.02549574
18,18,No.,0.0,0.0,0.0,0.0,0.023257414,0.021952858,0.014499795,0.023086453,0.018760439,0.019691521,0.014288587,0.017821005,0.024131771,0.01877001,0.023994533,0.019390756,0.02444668,0.021679092,0.0184908,0.02428274,0.021715943,0.029862707,0.022794973,0.019167831,0.033947233,0.03931005,0.015122966,0.019688945,0.022263734,0.03154668,0.03065932,0.027602484,0.02448487,0.027682425,0.03407332,0.024333227,0.033435054,0.022902621,0.029717708,0.028145693,0.03492779,0.02639971,0.022588184,0.023586394,0.02549574
19,19,You're welcome.,0.0,0.0,0.0,0.0,0.023257414,0.021952858,0.014499795,0.023086453,0.018760439,0.019691521,0.014288587,0.017821005,0.024131771,0.01877001,0.023994533,0.019390756,0.02444668,0.021679092,0.0184908,0.02428274,0.021715943,0.029862707,0.022794973,0.019167831,0.033947233,0.03931005,0.015122966,0.019688945,0.022263734,0.03154668,0.03065932,0.027602484,0.02448487,0.027682425,0.03407332,0.024333227,0.033435054,0.022902621,0.029717708,0.028145693,0.03492779,0.02639971,0.022588184,0.023586394,0.02549574
20,20,"
Okay, okay, okay.",0.0,0.0,0.0,0.0,0.023257414,0.021952858,0.014499795,0.023086453,0.018760439,0.019691521,0.014288587,0.017821005,0.024131771,0.01877001,0.023994533,0.019390756,0.02444668,0.021679092,0.0184908,0.02428274,0.021715943,0.029862707,0.022794973,0.019167831,0.033947233,0.03931005,0.015122966,0.019688945,0.022263734,0.03154668,0.03065932,0.027602484,0.02448487,0.027682425,0.03407332,0.024333227,0.033435054,0.022902621,0.029717708,0.028145693,0.03492779,0.02639971,0.022588184,0.023586394,0.02549574
21,21,No worries.,0.0,0.0,0.0,0.0,0.0017405443,0.046180394,0.0035020832,0.009828587,0.22007775,0.0047194003,0.0012134375,0.004036931,0.0071871793,0.0021910288,0.54776454,0.0017791857,0.0012525802,0.000501608,0.002642198,0.0063830414,0.0014596538,0.00947076,0.0008432097,0.0011097797,0.0021470292,0.024004057,0.0018354023,0.001639227,0.0018111618,0.07704731,0.0023899998,0.0020009505,0.00067544257,0.0005368136,0.0014825531,0.0013361237,0.0011140851,0.0009852396,0.0007455932,0.0010165212,0.0024744705,0.0019751217,0.0003895961,0.00018959808,0.00031977354
22,22,Well thanks thanks for the updates I'm sorry to hear about your car that's stressful finances and stuff.,0.0,0.0,0.0,0.0,0.4773588,0.000838956,0.019533062,0.0005023506,0.0036839931,0.014877086,0.07490517,0.0010889784,0.3661567,0.0018497792,0.00026560045,0.0035622441,0.00010682172,0.0012402544,0.0003180835,0.0013261697,0.0048873653,0.008301479,0.0006130717,0.0002609446,0.00022106328,0.00077920756,0.00036625573,0.00038670478,0.00023918375,0.00075127,7.2495255e-05,0.0010363192,0.0004347715,0.004400338,3.470226e-05,0.0018447504,0.0009178137,4.425229e-05,9.4519186e-05,6.6668513e-06,1.5959897e-05,1.4607726e-05,2.3136474e-05,0.00017223506,0.00646682
23,23,Yeah.,0.0,0.0,0.0,0.0,0.023257414,0.021952858,0.014499795,0.023086453,0.018760439,0.019691521,0.014288587,0.017821005,0.024131771,0.01877001,0.023994533,0.019390756,0.02444668,0.021679092,0.0184908,0.02428274,0.021715943,0.029862707,0.022794973,0.019167831,0.033947233,0.03931005,0.015122966,0.019688945,0.022263734,0.03154668,0.03065932,0.027602484,0.02448487,0.027682425,0.03407332,0.024333227,0.033435054,0.022902621,0.029717708,0.028145693,0.03492779,0.02639971,0.022588184,0.023586394,0.02549574
24,24,Okay.,0.0,0.0,0.0,0.0,0.023257414,0.021952858,0.014499795,0.023086453,0.018760439,0.019691521,0.014288587,0.017821005,0.024131771,0.01877001,0.023994533,0.019390756,0.02444668,0.021679092,0.0184908,0.02428274,0.021715943,0.029862707,0.022794973,0.019167831,0.033947233,0.03931005,0.015122966,0.019688945,0.022263734,0.03154668,0.03065932,0.027602484,0.02448487,0.027682425,0.03407332,0.024333227,0.033435054,0.022902621,0.029717708,0.028145693,0.03492779,0.02639971,0.022588184,0.023586394,0.02549574
25,25,"
Oh dr Nair, you mean.",0.0,0.0,0.0,0.0,0.012622526,0.5495045,0.012113165,0.08377709,0.015166959,0.030896196,0.006609778,0.0027730248,0.01873208,0.0034071612,0.002367785,0.11887041,0.0019380067,0.0048844134,0.017436914,0.007694532,0.0137884,0.010894268,0.0024351436,0.020999545,0.0053510945,0.0062447237,0.004469971,0.004297086,0.022263838,0.0012006687,0.0010872072,0.0011881408,0.0011113107,0.0012755323,0.00018598512,0.0018300636,0.0025606998,0.0022753759,0.00043496623,0.0024405282,0.0024394623,0.0004883827,0.00084930693,0.000332848,0.00076089613
26,26,"Um, yeah I might give them a heads up, you can send them like a my health online message or, you know, oh the cardiac radio sorry, what's your question, I didn't understand.",0.0,0.0,0.0,0.0,0.33396944,0.014715218,0.5634552,0.014329223,0.056075178,0.003761614,0.0015150185,0.007305614,0.0011031843,9.913916e-06,4.0154564e-06,0.00012240949,4.052575e-05,0.00071890216,5.796888e-06,0.00025425205,0.00030361055,0.00019208762,0.00011563697,0.0012347262,0.00020450022,0.00035667408,6.038005e-06,3.7826278e-05,7.1022296e-05,3.764779e-06,8.294011e-06,1.7870194e-06,1.9592373e-05,4.7693834e-07,1.1226651e-08,7.665002e-06,2.7393428e-06,4.363896e-05,1.7467755e-06,2.5059148e-07,1.680512e-07,4.6939928e-08,2.0505931e-06,8.750498e-09,2.5104441e-08
27,27,"Oh okay yeah I got that I heard that Okay, yeah, I mean, yeah, if you're looking for like my blessing or whatever.",0.0,0.0,0.0,0.0,0.68827504,0.0714163,0.073461585,0.0052492297,0.078606054,0.019043332,0.0042931554,0.0039910013,0.0025590851,9.418972e-06,1.1162874e-05,0.04471182,0.00014050773,0.0005140945,2.4624494e-05,0.0012288583,0.001415559,0.0027227334,0.00049846334,0.00027638656,5.2252948e-05,0.000481678,9.292828e-06,1.3079119e-05,0.0004899203,2.714974e-05,0.00012245782,3.2869154e-06,0.00028507545,9.552955e-07,2.4877327e-08,2.9516552e-05,2.1814208e-06,2.2386823e-05,2.2256552e-06,1.2621582e-06,6.317546e-06,2.5010846e-07,1.8724031e-06,6.388433e-08,2.9481387e-07
28,28,"Yeah, I hear you I understand it's too expensive, you know with the car and everything it's, it's the stress of.",0.0,0.0,0.0,0.0,0.6435165,0.0015222419,0.29121742,0.0010519247,0.010169182,0.030241117,0.00266537,0.00039440612,0.005789632,5.5589815e-05,1.3636234e-05,0.0005929909,0.00070066744,0.0017749656,4.8681315e-05,0.0038340138,0.0014334588,0.0015515453,0.00034140918,0.0016092706,0.0002748077,0.0002856698,1.3788067e-05,0.00020538451,0.00036041497,5.725197e-05,2.8308501e-05,7.235253e-06,5.2231968e-05,2.1937994e-05,7.0170853e-07,9.142208e-05,1.2433635e-05,4.2233438e-05,8.271061e-06,2.1187157e-06,3.4544446e-06,1.2368571e-06,4.2192346e-06,8.731805e-07,1.9830452e-06
29,29,"
Yeah.",0.0,0.0,0.0,0.0,0.023257414,0.021952858,0.014499795,0.023086453,0.018760439,0.019691521,0.014288587,0.017821005,0.024131771,0.01877001,0.023994533,0.019390756,0.02444668,0.021679092,0.0184908,0.02428274,0.021715943,0.029862707,0.022794973,0.019167831,0.033947233,0.03931005,0.015122966,0.019688945,0.022263734,0.03154668,0.03065932,0.027602484,0.02448487,0.027682425,0.03407332,0.024333227,0.033435054,0.022902621,0.029717708,0.028145693,0.03492779,0.02639971,0.022588184,0.023586394,0.02549574
30,30,Yeah.,0.0,0.0,0.0,0.0,0.023257414,0.021952858,0.014499795,0.023086453,0.018760439,0.019691521,0.014288587,0.017821005,0.024131771,0.01877001,0.023994533,0.019390756,0.02444668,0.021679092,0.0184908,0.02428274,0.021715943,0.029862707,0.022794973,0.019167831,0.033947233,0.03931005,0.015122966,0.019688945,0.022263734,0.03154668,0.03065932,0.027602484,0.02448487,0.027682425,0.03407332,0.024333227,0.033435054,0.022902621,0.029717708,0.028145693,0.03492779,0.02639971,0.022588184,0.023586394,0.02549574
31,31,"
shower.",0.0,0.0,0.0,0.0,0.023257414,0.021952858,0.014499795,0.023086453,0.018760439,0.019691521,0.014288587,0.017821005,0.024131771,0.01877001,0.023994533,0.019390756,0.02444668,0.021679092,0.0184908,0.02428274,0.021715943,0.029862707,0.022794973,0.019167831,0.033947233,0.03931005,0.015122966,0.019688945,0.022263734,0.03154668,0.03065932,0.027602484,0.02448487,0.027682425,0.03407332,0.024333227,0.033435054,0.022902621,0.029717708,0.028145693,0.03492779,0.02639971,0.022588184,0.023586394,0.02549574
32,32,"
That's a great question right from the start, um, I know that there's these expensive.",0.0,0.0,0.0,0.0,0.2485156,0.0033098762,0.6478962,0.0012421864,0.019248959,0.05370582,0.0028617885,0.00048753255,0.0059920046,0.00021680607,3.3305187e-05,0.0008093235,0.0014621185,0.002406821,0.00019723387,0.0026671279,0.00046811966,0.0010763865,0.0008248135,0.0006510047,0.001417267,0.00026266053,4.663243e-05,0.0021597648,0.0014215459,8.268182e-05,3.392941e-05,1.0649324e-05,0.00025556257,9.104065e-06,1.1167054e-06,3.3797485e-05,3.107869e-05,6.583852e-05,1.6571188e-05,3.3376826e-05,3.0124596e-05,4.452506e-06,6.467494e-06,8.319174e-07,3.4674533e-06
33,33,"There are some expensive agents and to be honest with you, I don't know, like, you know, I don't know how much better they are then we generally say for for skin and scars using vitamin E and cocoa butter.",0.0,0.0,0.0,0.0,0.5841572,4.6929104e-06,0.41517022,5.8816513e-05,0.00016974952,3.1358697e-05,0.00014443586,1.7661463e-06,2.9304405e-05,2.5950048e-06,1.0087681e-06,2.564546e-07,1.5661648e-05,5.501332e-06,2.4124373e-07,0.00013561055,1.6653083e-05,9.687679e-06,6.502599e-06,1.321224e-06,6.6910334e-06,1.6985608e-06,7.3066836e-08,2.3183464e-05,1.5819226e-06,2.2022891e-06,4.4065192e-07,9.1440484e-08,5.130875e-07,4.8277375e-08,1.5376111e-08,3.595968e-07,1.6234719e-07,5.095141e-08,3.7150144e-08,5.0284186e-08,4.4828553e-08,6.581248e-09,3.697808e-08,9.315412e-10,2.9082319e-09
34,34,Those are two things with kind of healing properties.,0.0,0.0,0.0,0.0,0.9798956,1.9608004e-05,0.015650408,7.643939e-05,0.00018404466,8.444487e-05,0.0019169885,1.6367669e-05,0.00014860746,6.987819e-05,2.8842921e-06,3.0823235e-06,5.2539934e-05,0.0008361463,1.0574728e-05,9.7353164e-05,0.00040868632,3.5985202e-05,0.00014946338,1.37542565e-05,5.368068e-05,0.00010001926,6.2863387e-06,6.8292145e-05,5.7217085e-06,3.2444757e-05,6.6799325e-06,8.7946255e-06,6.2633653e-06,6.1871724e-06,3.0340127e-06,9.782282e-06,1.0569303e-05,6.534916e-07,1.5553755e-06,1.4209181e-06,7.199598e-07,7.136625e-07,3.4607542e-06,4.0288333e-07,4.848794e-07
35,35,"And those things, that's not expensive in and of itself.",0.0,0.0,0.0,0.0,0.5902976,0.00017449934,0.39146623,0.0032067196,0.0005396541,0.0004101891,0.001107922,2.486733e-05,0.00047412308,0.00011455116,2.4697729e-05,3.0930834e-05,0.0019940892,0.0018813972,3.0655905e-05,0.0014312295,0.0018899798,0.00024153483,0.0007699676,0.0002143511,0.0015697517,0.00035820258,1.6063732e-05,0.00049989345,0.00012617548,0.00017031861,0.00034526034,2.365002e-05,0.00011063963,9.612212e-06,4.2930762e-05,0.000100442776,5.1415907e-05,3.8192007e-05,5.866356e-05,2.7984379e-05,6.653015e-05,1.2439446e-05,4.0830026e-05,2.543601e-06,3.2687037e-06
36,36,"
Yeah, right.",0.0,0.0,0.0,0.0,0.023257414,0.021952858,0.014499795,0.023086453,0.018760439,0.019691521,0.014288587,0.017821005,0.024131771,0.01877001,0.023994533,0.019390756,0.02444668,0.021679092,0.0184908,0.02428274,0.021715943,0.029862707,0.022794973,0.019167831,0.033947233,0.03931005,0.015122966,0.019688945,0.022263734,0.03154668,0.03065932,0.027602484,0.02448487,0.027682425,0.03407332,0.024333227,0.033435054,0.022902621,0.029717708,0.028145693,0.03492779,0.02639971,0.022588184,0.023586394,0.02549574
37,37,"All right, um, yeah let me see if I know they put some vitamin D like there's vitamin E oil.",0.0,0.0,0.0,0.0,0.9940123,0.00023730345,0.0042247185,0.0004881926,0.0006338725,3.425357e-05,6.5785774e-05,2.5838302e-05,0.0001393983,5.0368413e-07,1.9188207e-08,2.4675968e-05,3.3887358e-07,1.7111937e-05,2.2793733e-08,2.6424314e-05,5.550069e-06,3.26444e-05,7.0491797e-07,7.965109e-06,8.085898e-06,8.032076e-06,1.261296e-08,2.5012434e-07,5.543008e-06,2.199125e-08,2.9056924e-08,4.5467017e-09,8.3577895e-08,7.965158e-09,1.7283603e-11,3.0025298e-08,1.41970204e-08,2.7707208e-07,3.4196276e-10,2.5589182e-09,1.4376011e-09,2.6894204e-10,4.6138293e-09,1.2825722e-11,5.3883804e-11
38,38,"
Oh no, the wheels like in a bottle it just like, just like you know olive oil would be here, you know, you can buy it, like you can buy it as a skin oil.",0.0,0.0,0.0,0.0,0.9615469,3.638332e-05,0.037183646,0.00013665826,7.5728254e-05,6.8837224e-05,0.0003643178,6.8864256e-06,4.7311634e-05,1.40560005e-05,2.8642177e-07,4.2241114e-05,6.8019267e-06,7.576069e-05,3.4761258e-06,7.2235256e-05,0.00023043684,1.2970696e-05,2.939384e-05,1.5368427e-05,6.0951725e-06,4.1954877e-06,1.3914379e-06,3.5556966e-06,5.7212233e-06,1.8742603e-06,1.8797269e-06,1.2667536e-07,1.6892013e-06,2.9663076e-07,2.9127063e-09,2.5443717e-06,3.8001718e-07,3.834889e-07,1.9756731e-08,6.40504e-08,5.5579328e-08,1.1862762e-08,7.864702e-08,7.7899465e-09,7.2991595e-09
39,39,"I mean, generally speaking you just want to keep it well hydrated and you know like you just want the skin not to be dry and just, you know, keep it well moisturize and also Most importantly, do not expose that skin to sun to sun what damage, new skin coming in so make sure it's coming, you know, if you go outside don't have a white t shirt on, make sure you wear a black t shirt, you know, SPF protection.",0.0,0.0,0.0,0.0,0.50523096,2.3319359e-05,0.49211034,4.2655658e-05,0.00035349382,6.131412e-05,0.0012671769,3.0022567e-05,0.000483272,1.728823e-06,2.218489e-07,5.2980345e-06,4.7299536e-06,6.840781e-05,1.2127189e-06,7.520943e-05,7.606695e-05,1.54389e-05,2.17027e-05,8.616294e-05,1.10127e-05,1.5302114e-06,1.395252e-06,1.1184579e-05,5.6673716e-06,9.817844e-07,1.4034553e-06,6.289535e-07,2.2752251e-06,9.9699164e-08,2.1232706e-08,2.827376e-06,5.455346e-07,1.0110916e-06,4.1294177e-07,1.4723915e-08,5.3214237e-08,3.1758344e-08,1.2748608e-07,1.0014386e-08,6.045296e-08
40,40,"You know what I'm saying so do protect it from the sun and I would plan to do that for a good one year, because that skin is going to be sensitive to UV, so that will help you get the best cosmetic effect.",0.0,0.0,0.0,0.0,0.16712512,2.114356e-05,0.7895949,0.00020500539,0.000114399045,0.0002841235,0.008163492,1.730813e-05,0.00010695367,0.00030361424,3.2966207e-06,4.146558e-06,7.239313e-05,5.125091e-05,0.000103817,0.0016983902,0.00010594581,8.307791e-05,2.201967e-05,0.00012280568,7.228675e-05,7.908853e-06,2.9494506e-05,0.031576727,3.6204798e-05,2.2992876e-05,8.1856234e-07,6.246188e-06,7.897051e-06,2.267481e-06,3.925496e-06,7.2227294e-06,6.644924e-06,5.6827243e-06,5.136472e-07,3.532143e-06,1.844101e-06,5.3770043e-07,3.6109914e-06,2.8658056e-07,2.1298459e-07
41,41,"
Yeah.",0.0,0.0,0.0,0.0,0.023257414,0.021952858,0.014499795,0.023086453,0.018760439,0.019691521,0.014288587,0.017821005,0.024131771,0.01877001,0.023994533,0.019390756,0.02444668,0.021679092,0.0184908,0.02428274,0.021715943,0.029862707,0.022794973,0.019167831,0.033947233,0.03931005,0.015122966,0.019688945,0.022263734,0.03154668,0.03065932,0.027602484,0.02448487,0.027682425,0.03407332,0.024333227,0.033435054,0.022902621,0.029717708,0.028145693,0.03492779,0.02639971,0.022588184,0.023586394,0.02549574
42,42,Okay.,0.0,0.0,0.0,0.0,0.023257414,0.021952858,0.014499795,0.023086453,0.018760439,0.019691521,0.014288587,0.017821005,0.024131771,0.01877001,0.023994533,0.019390756,0.02444668,0.021679092,0.0184908,0.02428274,0.021715943,0.029862707,0.022794973,0.019167831,0.033947233,0.03931005,0.015122966,0.019688945,0.022263734,0.03154668,0.03065932,0.027602484,0.02448487,0.027682425,0.03407332,0.024333227,0.033435054,0.022902621,0.029717708,0.028145693,0.03492779,0.02639971,0.022588184,0.023586394,0.02549574
43,43,"
Yeah, well you know what now you know so we'll.",0.0,0.0,0.0,0.0,0.25400436,0.01225808,0.3350558,0.049073774,0.029877909,0.020271476,0.04849445,0.004998691,0.020472782,0.024884071,0.0026025926,0.0033853846,0.009190317,0.019508874,0.0019395592,0.027195066,0.011068678,0.016901297,0.0026608198,0.021680651,0.0073418766,0.0028479346,0.005731071,0.045785673,0.009186785,0.0022702855,0.0010043922,0.000788659,0.0015255085,0.00023381227,0.00020708989,0.0012302866,0.0006296589,0.0016834676,0.0006817852,0.001136294,0.00025544548,0.00018317549,0.0013780573,9.50741e-05,0.00027904834
44,44,"I'm sorry, go ahead.",0.0,0.0,0.0,0.0,0.16087027,0.03836815,0.084243044,0.038231406,0.040521637,0.042730097,0.028297817,0.009688696,0.031291656,0.00947309,0.005836116,0.011015882,0.012043498,0.027456203,0.009567391,0.0420709,0.029370168,0.038971126,0.021655878,0.06286956,0.06054796,0.03622269,0.0064034727,0.020149611,0.0152880065,0.008129192,0.009668082,0.011339342,0.0073628267,0.0046469592,0.0050784904,0.010344172,0.012694738,0.0155234225,0.0072757564,0.0059512192,0.0044580563,0.0028056565,0.0053092567,0.0030018268,0.0032266316
45,45,"Right, right.",0.0,0.0,0.0,0.0,0.023257414,0.021952858,0.014499795,0.023086453,0.018760439,0.019691521,0.014288587,0.017821005,0.024131771,0.01877001,0.023994533,0.019390756,0.02444668,0.021679092,0.0184908,0.02428274,0.021715943,0.029862707,0.022794973,0.019167831,0.033947233,0.03931005,0.015122966,0.019688945,0.022263734,0.03154668,0.03065932,0.027602484,0.02448487,0.027682425,0.03407332,0.024333227,0.033435054,0.022902621,0.029717708,0.028145693,0.03492779,0.02639971,0.022588184,0.023586394,0.02549574
46,46,Okay.,0.0,0.0,0.0,0.0,0.023257414,0.021952858,0.014499795,0.023086453,0.018760439,0.019691521,0.014288587,0.017821005,0.024131771,0.01877001,0.023994533,0.019390756,0.02444668,0.021679092,0.0184908,0.02428274,0.021715943,0.029862707,0.022794973,0.019167831,0.033947233,0.03931005,0.015122966,0.019688945,0.022263734,0.03154668,0.03065932,0.027602484,0.02448487,0.027682425,0.03407332,0.024333227,0.033435054,0.022902621,0.029717708,0.028145693,0.03492779,0.02639971,0.022588184,0.023586394,0.02549574
47,47,"Yeah, no, I hear you.",0.0,0.0,0.0,0.0,0.58156544,0.025420949,0.116681285,0.020484682,0.050664335,0.058412973,0.010379989,0.0029894,0.0237718,0.0012158809,0.00088708196,0.0033179035,0.0027980157,0.011112654,0.0012346148,0.018861832,0.0034712423,0.010259861,0.016420756,0.005980958,0.011051663,0.0063496153,0.00040839583,0.0028457136,0.0019252811,0.0011856734,0.002256836,0.001536799,0.001182974,0.00040999975,0.00020217829,0.0010460817,0.0007604414,0.0009728493,0.00055706274,0.00038707204,0.00025879007,0.00012201641,0.00042562056,0.000113954695,6.926443e-05
48,48,So I think yes good sun protection.,0.0,0.0,0.0,0.0,0.3660739,0.005918112,0.42368382,0.004527442,0.11756394,0.014296461,0.004761629,0.041724518,0.007721327,2.846098e-05,3.7342426e-05,0.00015811778,0.00085527723,0.002275318,0.00024369168,0.0020486258,0.0018050927,0.0018422315,0.0014306044,0.00016496335,0.00011979972,0.0006355218,7.1547074e-05,0.0001646314,0.0007701211,0.00023180954,0.0003912913,8.877448e-06,0.00023935667,1.2628111e-05,3.2676417e-07,3.9983257e-05,9.1963675e-06,3.4935565e-05,6.235443e-05,2.0822337e-05,3.4437214e-06,1.1639576e-05,6.700174e-06,2.3049492e-06,1.8750775e-06
49,49,"Those are great questions so yeah good sun protection, using.",0.0,0.0,0.0,0.0,0.07818461,0.0010893829,0.66026586,0.001350778,0.03282048,0.06492598,0.090485536,0.0024460726,0.0027882936,0.008047471,0.0002714304,0.0006144167,0.0032716698,0.005625183,0.00074512756,0.0033437086,0.0077161766,0.0076777497,0.0019098395,0.0006353415,0.0021600125,0.0041901176,0.0003118307,0.0064163725,0.0032071401,0.0020396297,0.00030605533,0.00013276008,0.00080463954,0.0001582636,0.00035806463,0.0017628964,0.0003379537,0.00029857722,0.0011671496,0.0011023461,0.00070663483,8.415543e-05,8.1766484e-05,1.6092314e-05,0.00014252699
50,50,You know you can try using anything moisturizing vitamin E cocoa butter.,0.0,0.0,0.0,0.0,0.97745115,1.3984371e-05,0.020085134,6.286336e-05,4.0505965e-05,5.0894265e-05,0.0005275696,3.1131356e-06,0.00012457492,6.902639e-06,1.8289622e-07,3.5747057e-06,1.306334e-05,0.0007129072,7.254716e-07,0.00032826158,0.00013078218,4.5640652e-05,5.580495e-06,0.00018786658,0.000154243,2.6671307e-05,5.8489013e-07,1.6866165e-05,2.1715807e-06,5.415471e-07,4.2407643e-07,1.3612045e-07,8.984533e-07,1.2886483e-07,1.3752779e-08,3.338635e-07,5.7079325e-07,6.2170216e-07,1.03477184e-07,3.008252e-08,3.1004667e-08,1.9512967e-08,2.920968e-07,6.9232504e-09,1.3561299e-08
51,51,"Yeah, not sure.",0.0,0.0,0.0,0.0,0.17990695,0.03702678,0.16868015,0.044942856,0.064067006,0.044178333,0.013471634,0.011182327,0.025743678,0.009369596,0.010132974,0.008661245,0.030520089,0.0293942,0.0069178697,0.032090012,0.026191676,0.018720932,0.023031615,0.0144102415,0.03726824,0.029155815,0.004837297,0.016587123,0.009847591,0.015215394,0.016513966,0.0065634637,0.011094987,0.0032577307,0.0030444623,0.006729917,0.0058215717,0.0047202394,0.008554064,0.004991989,0.0065261642,0.0025870476,0.004615015,0.001874004,0.00155372
52,52,Great.,0.0,0.0,0.0,0.0,0.023257414,0.021952858,0.014499795,0.023086453,0.018760439,0.019691521,0.014288587,0.017821005,0.024131771,0.01877001,0.023994533,0.019390756,0.02444668,0.021679092,0.0184908,0.02428274,0.021715943,0.029862707,0.022794973,0.019167831,0.033947233,0.03931005,0.015122966,0.019688945,0.022263734,0.03154668,0.03065932,0.027602484,0.02448487,0.027682425,0.03407332,0.024333227,0.033435054,0.022902621,0.029717708,0.028145693,0.03492779,0.02639971,0.022588184,0.023586394,0.02549574
53,53,"Jacqueline Do you mind me asking him how many cardiac sessions, did you attend cardiac rehab sessions.",0.0,0.0,0.0,0.0,0.55374134,0.006801826,0.12458921,0.009953616,0.011139135,0.0038016941,0.18589476,0.00445604,0.004111157,0.008170969,0.0002739764,0.001595461,0.0006041992,0.005943933,0.003118213,0.025029043,0.013080475,0.0025703,0.0010232903,0.010144846,0.005714704,0.0011008834,0.001623463,0.012928033,0.000719156,0.00032506528,4.5416913e-05,0.00024136697,0.00031628,3.465284e-05,1.3007424e-05,0.00014796796,0.00013022947,0.00038265102,2.8811533e-05,4.47958e-05,2.6779602e-05,4.351574e-05,6.122493e-05,1.1942214e-05,1.6505204e-05
54,54,Five Oh good.,0.0,0.0,0.0,0.0,0.50996786,0.023941932,0.011602257,0.00988719,0.000397521,0.0025656086,0.0039910795,0.0009873576,0.0002330036,0.00054977334,7.775627e-05,0.0044416385,0.0010320877,0.0036701194,0.00030209418,2.532307e-05,0.00242234,0.0010522597,0.00046340417,0.00056355254,0.0022341416,0.41711256,0.00018171225,2.8282708e-05,6.4321284e-05,0.00021160587,0.00027853707,0.0006341745,0.00033604217,0.00035266404,3.5057276e-06,0.00010767042,6.398845e-05,2.387788e-05,3.5391466e-05,2.631275e-05,2.1333502e-05,2.6463883e-06,0.000101004436,4.847048e-06,1.1524677e-06
55,55,"Okay, great.",0.0,0.0,0.0,0.0,0.023257414,0.021952858,0.014499795,0.023086453,0.018760439,0.019691521,0.014288587,0.017821005,0.024131771,0.01877001,0.023994533,0.019390756,0.02444668,0.021679092,0.0184908,0.02428274,0.021715943,0.029862707,0.022794973,0.019167831,0.033947233,0.03931005,0.015122966,0.019688945,0.022263734,0.03154668,0.03065932,0.027602484,0.02448487,0.027682425,0.03407332,0.024333227,0.033435054,0.022902621,0.029717708,0.028145693,0.03492779,0.02639971,0.022588184,0.023586394,0.02549574
56,56,"I mean, you know, it struck me last time when we talked was just like it almost, how it just seemed like it was really also emotionally beneficial for you, like kind of like a support group that was the thing I think I was struck by.",0.0,0.0,0.0,0.0,0.69338614,8.081371e-05,0.30379936,0.00029577373,0.0002686758,9.548098e-05,0.00028595122,2.5640093e-05,0.0009452433,7.3850233e-06,2.0627117e-06,2.2902894e-05,3.3117773e-05,0.000110001536,1.8665905e-06,0.00018697871,8.944973e-05,3.318708e-05,0.00013056355,5.2218817e-05,4.8469133e-06,2.6125974e-06,3.4791585e-06,8.866271e-06,8.008997e-05,7.815024e-06,5.7344782e-06,7.02677e-07,7.478249e-06,5.52426e-07,5.0486747e-08,1.4870927e-05,5.902854e-06,2.790676e-06,2.3482136e-07,1.6427165e-07,8.5763325e-08,5.8899037e-08,6.7784975e-07,5.5664067e-08,9.4551595e-08
57,57,"
I know sounds like you've got a lot on your plate, you're like you're thinking about.",0.0,0.0,0.0,0.0,0.19148698,0.00023989122,0.778409,0.00036764753,0.001940248,0.007143381,0.0006694697,7.455761e-05,0.0020416148,8.249321e-05,1.01072255e-05,0.00010830908,0.0006114899,0.007168067,9.318409e-06,0.002044165,0.0059284116,0.00010866178,0.0004740854,0.0003477807,9.2273374e-05,0.00011233132,4.4193646e-05,0.0001306351,0.000103380014,4.1295625e-05,3.0495694e-05,3.3437416e-06,2.9328035e-05,1.0934147e-05,6.3757415e-07,5.6057008e-05,1.2271946e-05,2.3437316e-05,1.8843604e-05,1.5964008e-06,3.6271679e-06,4.7660154e-07,1.5403377e-05,3.5112882e-07,3.4187328e-06
58,58,Okay.,0.0,0.0,0.0,0.0,0.023257414,0.021952858,0.014499795,0.023086453,0.018760439,0.019691521,0.014288587,0.017821005,0.024131771,0.01877001,0.023994533,0.019390756,0.02444668,0.021679092,0.0184908,0.02428274,0.021715943,0.029862707,0.022794973,0.019167831,0.033947233,0.03931005,0.015122966,0.019688945,0.022263734,0.03154668,0.03065932,0.027602484,0.02448487,0.027682425,0.03407332,0.024333227,0.033435054,0.022902621,0.029717708,0.028145693,0.03492779,0.02639971,0.022588184,0.023586394,0.02549574
59,59,"Well, what about so I'm going to bring up the diabetes again so what.",0.0,0.0,0.0,0.0,0.46270132,0.009041059,0.3228914,0.017059326,0.011926062,0.0120732505,0.015160293,0.0021014481,0.0048667025,0.016127331,0.0012887529,0.003192556,0.002797767,0.0077470033,0.00027595577,0.019814458,0.008846079,0.0037440758,0.0025168497,0.022337157,0.010207052,0.0027777422,0.013721351,0.019400433,0.0024171716,0.0008621966,0.00025118692,9.95655e-05,0.0005588747,0.00017121027,6.876164e-05,0.0003830183,0.00023470687,0.00066772936,0.00015807818,0.0006111263,9.954499e-05,2.3239643e-05,0.00071698404,1.3914743e-05,4.7311358e-05
60,60,"Tell me what do you what, what, what can I help to support the diabetes because I will share that I am concerned.",0.0,0.0,0.0,0.0,0.16135667,0.0008171448,0.14402038,0.00029005506,0.0011618496,0.002787014,0.004776885,0.00048552855,0.007990803,0.0013945793,9.775929e-05,0.00061645894,0.0019903905,0.00079000305,0.0005646993,0.23717302,0.0060791457,0.004201777,0.00038779524,0.37555417,0.001946503,0.0005261285,0.0011608948,0.030095022,0.0064763813,0.000253833,2.8599461e-05,7.289894e-05,0.00032207844,9.612763e-05,1.5743235e-05,0.0002424274,0.0016999653,0.0041962187,4.344899e-05,9.0468886e-05,2.5193176e-05,9.687865e-06,0.00010208102,3.6968544e-05,2.327798e-05
61,61,You know I am concerned about your numbers being up.,0.0,0.0,0.0,0.0,0.8408486,0.00019441491,0.14606436,0.00066642306,0.0016979282,0.0011302294,0.00062499463,0.00017360189,0.0019600333,5.968954e-05,1.6985112e-05,7.772975e-05,0.0006433251,0.0019936867,4.273694e-05,0.0015085103,0.00016573093,0.00012612666,0.00041253262,0.0004255227,3.0852654e-05,0.00010358526,9.530242e-05,0.00018066948,0.00027823137,0.00014275024,4.1871863e-05,2.1823857e-05,7.207731e-05,9.017206e-06,4.2131467e-07,6.615952e-05,1.5323023e-05,3.4798413e-05,2.2076118e-05,2.8507995e-06,3.6570414e-06,2.2683082e-06,3.740838e-05,2.5341033e-06,3.1340862e-06
62,62,You know about us.,0.0,0.0,0.0,0.0,0.5263796,0.017983526,0.17182787,0.01488747,0.010855719,0.023031536,0.011204481,0.00041276496,0.0063915392,0.0006055974,0.00044050877,0.0021407006,0.007830077,0.06885234,0.004979257,0.007316745,0.008708345,0.023159504,0.006071221,0.047874678,0.0065494496,0.009584405,0.0035949682,0.006495176,0.0023483923,0.0018136122,0.0009939354,0.0011828267,0.0013799794,7.4542055e-05,0.00012221055,0.0015382604,0.00037287563,0.0005588906,0.000766942,0.00020857085,0.00049730856,0.00023555847,0.0005522361,0.00010041488,7.5991025e-05
63,63,"So yeah, so I'll just put that out there.",0.0,0.0,0.0,0.0,0.6687116,0.0002823059,0.27485543,0.011298474,0.00030700007,0.00049450435,0.002033097,3.0498202e-05,0.0006014456,0.00026337933,2.2394821e-05,7.970007e-05,0.0009585934,0.004760139,1.8957959e-05,0.001324846,0.027234647,0.00036127766,0.0006355565,0.0022345008,0.0016815664,0.00035649838,6.557749e-05,0.00018872877,0.00024108712,0.00012467682,0.00015555751,1.1643825e-05,4.859494e-05,1.4299958e-05,2.0960428e-05,0.0003772848,1.5173877e-05,5.277195e-05,3.647536e-05,2.0089434e-05,2.4822897e-05,7.090263e-06,4.2217038e-05,1.9844922e-06,4.5267416e-06
64,64,All right.,0.0,0.0,0.0,0.0,0.022663448,0.06404258,0.002865804,0.025090035,0.017267304,0.009020146,0.0053575537,0.0014752322,0.2753326,0.001075552,0.0017454281,0.1007929,0.0011654666,0.0143078165,0.002247956,0.004487743,0.007942559,0.32668218,0.0027223642,0.0025480727,0.015217005,0.019384336,0.00028002638,0.0016450203,0.00440636,0.0018460185,0.001577447,0.0060348557,0.001965589,0.0013504574,0.0021543077,0.005157412,0.010644683,0.005070544,0.0012127232,0.0010261575,0.014656106,0.0027834664,0.00094702863,0.0010538044,0.01275402
65,65,Okay.,0.0,0.0,0.0,0.0,0.023257414,0.021952858,0.014499795,0.023086453,0.018760439,0.019691521,0.014288587,0.017821005,0.024131771,0.01877001,0.023994533,0.019390756,0.02444668,0.021679092,0.0184908,0.02428274,0.021715943,0.029862707,0.022794973,0.019167831,0.033947233,0.03931005,0.015122966,0.019688945,0.022263734,0.03154668,0.03065932,0.027602484,0.02448487,0.027682425,0.03407332,0.024333227,0.033435054,0.022902621,0.029717708,0.028145693,0.03492779,0.02639971,0.022588184,0.023586394,0.02549574
66,66,"Yeah, let me, let me do this in the interim because I could have sworn there was a way that we can get a free glucometer for you.",0.0,0.0,0.0,0.0,0.9633042,1.7429504e-05,0.035450052,5.642649e-05,0.000104397266,5.0125145e-05,0.00020694388,1.4036652e-05,0.00017816965,6.1108904e-06,5.68474e-07,3.884326e-06,2.6048765e-05,2.1810252e-05,3.1648858e-07,0.00041055857,1.3094469e-05,2.2743745e-05,9.385697e-06,6.103538e-05,6.0455227e-06,2.41893e-06,1.1047568e-06,1.3369108e-05,1.2161444e-05,5.107075e-07,1.4227345e-06,3.6916298e-08,1.7013715e-06,5.519679e-07,3.2834144e-09,8.7109055e-07,1.3982391e-07,1.9691547e-06,1.675828e-08,1.6559119e-07,2.0112777e-08,4.8725215e-09,1.10723825e-07,2.824537e-09,1.3409548e-09
67,67,So that's why it's kind of surprised to hear that it was that it's 17 bucks.,0.0,0.0,0.0,0.0,0.58139694,0.001009062,0.20755503,0.01986566,0.00121225,0.004696638,0.017842807,0.0002904528,0.003277733,0.021086067,0.00042655418,0.00040985688,0.003342473,0.0054125595,0.00067790877,0.012809616,0.0071543767,0.0065731946,0.00086463883,0.015707456,0.009155685,0.0008583525,0.0013289959,0.07005664,0.0022163491,0.0005425477,0.00013875293,0.00012364595,0.00026414078,9.432926e-05,0.00014950836,0.00031044977,0.00023141083,0.000740888,0.000107552594,0.0009961526,0.00021127264,2.5798665e-05,0.00077039213,2.973236e-05,3.622643e-05
68,68,"To me, maybe what we'll do.",0.0,0.0,0.0,0.0,0.15298186,0.0059393346,0.3575132,0.021269895,0.02033245,0.0028352633,0.0029126757,0.0009032614,0.004294155,0.012132418,0.0010073947,0.0017717731,0.0051607466,0.006780106,0.0008752142,0.0026541748,0.06311699,0.004967253,0.015142118,0.013901943,0.258459,0.00755522,0.002308222,0.0150872925,0.0009435634,0.0027089342,0.0006480639,0.0030316599,0.00092917006,0.00014009517,0.0006018134,0.00060824456,0.0044809002,0.0010274888,0.0022999865,0.00067227415,0.0007819454,0.0001131022,0.0009067037,7.810592e-05,0.0001260549
69,69,Yeah.,0.0,0.0,0.0,0.0,0.023257414,0.021952858,0.014499795,0.023086453,0.018760439,0.019691521,0.014288587,0.017821005,0.024131771,0.01877001,0.023994533,0.019390756,0.02444668,0.021679092,0.0184908,0.02428274,0.021715943,0.029862707,0.022794973,0.019167831,0.033947233,0.03931005,0.015122966,0.019688945,0.022263734,0.03154668,0.03065932,0.027602484,0.02448487,0.027682425,0.03407332,0.024333227,0.033435054,0.022902621,0.029717708,0.028145693,0.03492779,0.02639971,0.022588184,0.023586394,0.02549574
70,70,"
No, go ahead.",0.0,0.0,0.0,0.0,0.17936802,0.037531275,0.094183154,0.036828127,0.040606227,0.044157337,0.027132692,0.009063302,0.031266022,0.00881461,0.0051340894,0.010676207,0.011345333,0.027562486,0.008900375,0.040965002,0.028107012,0.037527062,0.021230238,0.06648136,0.05725422,0.034363497,0.0060294517,0.01882417,0.0141627565,0.0072447024,0.008476133,0.009859973,0.006538886,0.0039722,0.0041078017,0.009148391,0.010822912,0.014791524,0.006322237,0.00519598,0.0037970752,0.0023846475,0.0046285815,0.0025612682,0.0026337495
71,71,"
Like a test strips.",0.0,0.0,0.0,0.0,0.37233907,0.0029147447,0.08015666,0.012822994,0.0015186709,0.0022190474,0.01381968,0.00035431003,0.0012594307,0.003480382,0.0001695505,0.0022705758,0.003291893,0.30320102,0.0010540757,0.002762899,0.10198402,0.0020134784,0.01727429,0.009147951,0.02265321,0.018868472,0.0042234096,0.0014906876,0.0017011974,0.000844942,0.0030133503,0.00074087206,0.0011190932,0.0003159658,0.0013572515,0.0012922515,0.0014312246,0.0006864868,0.0006978718,0.000661559,0.0006461957,0.0006582568,0.0031619598,0.000108180626,0.0002727448
72,72,"
Yeah.",0.0,0.0,0.0,0.0,0.023257414,0.021952858,0.014499795,0.023086453,0.018760439,0.019691521,0.014288587,0.017821005,0.024131771,0.01877001,0.023994533,0.019390756,0.02444668,0.021679092,0.0184908,0.02428274,0.021715943,0.029862707,0.022794973,0.019167831,0.033947233,0.03931005,0.015122966,0.019688945,0.022263734,0.03154668,0.03065932,0.027602484,0.02448487,0.027682425,0.03407332,0.024333227,0.033435054,0.022902621,0.029717708,0.028145693,0.03492779,0.02639971,0.022588184,0.023586394,0.02549574
73,73,"No, it's true.",0.0,0.0,0.0,0.0,0.023257414,0.021952858,0.014499795,0.023086453,0.018760439,0.019691521,0.014288587,0.017821005,0.024131771,0.01877001,0.023994533,0.019390756,0.02444668,0.021679092,0.0184908,0.02428274,0.021715943,0.029862707,0.022794973,0.019167831,0.033947233,0.03931005,0.015122966,0.019688945,0.022263734,0.03154668,0.03065932,0.027602484,0.02448487,0.027682425,0.03407332,0.024333227,0.033435054,0.022902621,0.029717708,0.028145693,0.03492779,0.02639971,0.022588184,0.023586394,0.02549574
74,74,Yeah.,0.0,0.0,0.0,0.0,0.023257414,0.021952858,0.014499795,0.023086453,0.018760439,0.019691521,0.014288587,0.017821005,0.024131771,0.01877001,0.023994533,0.019390756,0.02444668,0.021679092,0.0184908,0.02428274,0.021715943,0.029862707,0.022794973,0.019167831,0.033947233,0.03931005,0.015122966,0.019688945,0.022263734,0.03154668,0.03065932,0.027602484,0.02448487,0.027682425,0.03407332,0.024333227,0.033435054,0.022902621,0.029717708,0.028145693,0.03492779,0.02639971,0.022588184,0.023586394,0.02549574
75,75,Let me.,0.0,0.0,0.0,0.0,0.0014977688,0.0006330724,0.00029043618,0.0014088032,0.0002859072,0.0003969595,0.0002318795,0.0016131066,0.0012495578,0.0016131665,0.0031413164,0.005114507,0.051399413,0.0011104776,0.0011127213,0.01793104,0.0003070604,0.005178767,0.0011145163,0.026109897,0.0030056962,0.00079354236,0.003942758,0.0019754828,0.3964987,0.004360672,0.007491054,0.0004288166,0.017959004,0.0029135207,0.00578818,0.0054049385,0.028779915,0.18660052,0.011362331,0.14364758,0.0099030975,0.014534082,0.010537977,0.0087422915,0.0135894725
76,76,"I'll see if we can, we can't call over today and just find out.",0.0,0.0,0.0,0.0,0.6164573,0.0039837356,0.30118454,0.009641382,0.007994079,0.004171759,0.005224535,0.0013718129,0.0061328285,0.0009037908,0.00010311524,0.0016334594,0.0012247359,0.0027006366,0.000114107046,0.013874787,0.002396619,0.0019015246,0.0017928437,0.0076499684,0.0019354225,0.00058867264,0.00015068968,0.0008808004,0.0035930793,0.00020634527,0.00029938956,2.118914e-05,0.0003837628,9.029321e-05,7.1642476e-06,0.0004538542,0.0001165753,0.00056137604,3.8690534e-05,9.0296824e-05,2.7812735e-05,1.2862176e-05,7.061552e-05,4.812647e-06,8.743807e-06
77,77,I'm going to just double check again coverage for the other machines because I do remember thinking there was one that was three so I'll research that.,0.0,0.0,0.0,0.0,0.67492545,0.0003094624,0.3092387,0.0007092445,0.00088991947,0.0003177877,0.005282849,0.00011585255,0.0005298444,0.00010160102,5.0321178e-06,5.1478928e-05,0.0002134471,0.0019072336,2.6173628e-05,0.0011279015,0.0011821954,7.364093e-05,0.00019985955,0.0015796418,0.00036112993,8.929429e-05,7.7043915e-05,0.00036944082,0.00015820525,1.0351175e-05,1.0675501e-05,4.3163445e-06,3.60273e-05,2.1816336e-06,1.2736091e-06,1.3602015e-05,1.4524854e-05,4.3030348e-05,1.8192492e-06,2.3871269e-06,8.3100406e-07,7.1896073e-07,1.4896668e-05,4.4667226e-07,4.996351e-07
78,78,And then also do my health online message to follow up to see if there's an alternative glucometer for you.,0.0,0.0,0.0,0.0,0.6929686,8.717848e-05,0.30274442,5.8907965e-05,0.00020975446,0.00010432852,0.00015355452,3.5703393e-05,0.00089778233,7.577127e-06,6.731499e-07,3.927711e-05,0.00014710294,0.000734759,1.5470405e-05,7.057921e-05,0.00017161656,4.6190104e-05,0.00019504801,0.0008332162,9.3237904e-05,1.8416886e-05,1.2340304e-05,3.4376444e-05,0.00021815738,5.534348e-06,1.2985027e-05,1.5049762e-06,3.918253e-05,3.7300939e-07,1.3838488e-07,6.467217e-06,1.1807858e-05,1.6026084e-05,2.2669356e-06,5.1868136e-07,8.689219e-07,1.8956813e-07,3.5178186e-06,2.2039627e-07,1.7961683e-07
79,79,Okay.,0.0,0.0,0.0,0.0,0.023257414,0.021952858,0.014499795,0.023086453,0.018760439,0.019691521,0.014288587,0.017821005,0.024131771,0.01877001,0.023994533,0.019390756,0.02444668,0.021679092,0.0184908,0.02428274,0.021715943,0.029862707,0.022794973,0.019167831,0.033947233,0.03931005,0.015122966,0.019688945,0.022263734,0.03154668,0.03065932,0.027602484,0.02448487,0.027682425,0.03407332,0.024333227,0.033435054,0.022902621,0.029717708,0.028145693,0.03492779,0.02639971,0.022588184,0.023586394,0.02549574
80,80,"
I'm sorry.",0.0,0.0,0.0,0.0,0.023257414,0.021952858,0.014499795,0.023086453,0.018760439,0.019691521,0.014288587,0.017821005,0.024131771,0.01877001,0.023994533,0.019390756,0.02444668,0.021679092,0.0184908,0.02428274,0.021715943,0.029862707,0.022794973,0.019167831,0.033947233,0.03931005,0.015122966,0.019688945,0.022263734,0.03154668,0.03065932,0.027602484,0.02448487,0.027682425,0.03407332,0.024333227,0.033435054,0.022902621,0.029717708,0.028145693,0.03492779,0.02639971,0.022588184,0.023586394,0.02549574
81,81,"
Okay.",0.0,0.0,0.0,0.0,0.023257414,0.021952858,0.014499795,0.023086453,0.018760439,0.019691521,0.014288587,0.017821005,0.024131771,0.01877001,0.023994533,0.019390756,0.02444668,0.021679092,0.0184908,0.02428274,0.021715943,0.029862707,0.022794973,0.019167831,0.033947233,0.03931005,0.015122966,0.019688945,0.022263734,0.03154668,0.03065932,0.027602484,0.02448487,0.027682425,0.03407332,0.024333227,0.033435054,0.022902621,0.029717708,0.028145693,0.03492779,0.02639971,0.022588184,0.023586394,0.02549574
82,82,Okay.,0.0,0.0,0.0,0.0,0.023257414,0.021952858,0.014499795,0.023086453,0.018760439,0.019691521,0.014288587,0.017821005,0.024131771,0.01877001,0.023994533,0.019390756,0.02444668,0.021679092,0.0184908,0.02428274,0.021715943,0.029862707,0.022794973,0.019167831,0.033947233,0.03931005,0.015122966,0.019688945,0.022263734,0.03154668,0.03065932,0.027602484,0.02448487,0.027682425,0.03407332,0.024333227,0.033435054,0.022902621,0.029717708,0.028145693,0.03492779,0.02639971,0.022588184,0.023586394,0.02549574
83,83,"No, that's good.",0.0,0.0,0.0,0.0,0.023257414,0.021952858,0.014499795,0.023086453,0.018760439,0.019691521,0.014288587,0.017821005,0.024131771,0.01877001,0.023994533,0.019390756,0.02444668,0.021679092,0.0184908,0.02428274,0.021715943,0.029862707,0.022794973,0.019167831,0.033947233,0.03931005,0.015122966,0.019688945,0.022263734,0.03154668,0.03065932,0.027602484,0.02448487,0.027682425,0.03407332,0.024333227,0.033435054,0.022902621,0.029717708,0.028145693,0.03492779,0.02639971,0.022588184,0.023586394,0.02549574
84,84,Okay.,0.0,0.0,0.0,0.0,0.023257414,0.021952858,0.014499795,0.023086453,0.018760439,0.019691521,0.014288587,0.017821005,0.024131771,0.01877001,0.023994533,0.019390756,0.02444668,0.021679092,0.0184908,0.02428274,0.021715943,0.029862707,0.022794973,0.019167831,0.033947233,0.03931005,0.015122966,0.019688945,0.022263734,0.03154668,0.03065932,0.027602484,0.02448487,0.027682425,0.03407332,0.024333227,0.033435054,0.022902621,0.029717708,0.028145693,0.03492779,0.02639971,0.022588184,0.023586394,0.02549574
85,85,"All right, well you know I'm here for you so I just want you to be healthy, as my
as are here.",0.0,0.0,0.0,0.0,0.8228124,0.0017137827,0.07035941,0.0061915806,0.00504167,0.0012453152,0.004913068,0.00012361903,0.049428783,9.931638e-05,2.4212586e-05,0.001881977,0.000117110256,0.0021823794,1.5343761e-05,0.010732118,0.0027685638,0.016178807,0.00011168666,0.0021986484,0.00021879098,0.00038461777,1.676538e-05,0.00031981178,0.00031752218,6.061675e-05,2.8677434e-05,1.00969555e-05,3.6922076e-05,2.6795087e-05,1.818623e-06,0.00022167212,5.283287e-05,0.00012252116,5.329715e-06,2.039784e-06,9.833184e-06,1.8431198e-06,6.7703054e-06,1.1938453e-06,1.375835e-05
86,86,Welcome.,0.0,0.0,0.0,0.0,0.023257414,0.021952858,0.014499795,0.023086453,0.018760439,0.019691521,0.014288587,0.017821005,0.024131771,0.01877001,0.023994533,0.019390756,0.02444668,0.021679092,0.0184908,0.02428274,0.021715943,0.029862707,0.022794973,0.019167831,0.033947233,0.03931005,0.015122966,0.019688945,0.022263734,0.03154668,0.03065932,0.027602484,0.02448487,0.027682425,0.03407332,0.024333227,0.033435054,0.022902621,0.029717708,0.028145693,0.03492779,0.02639971,0.022588184,0.023586394,0.02549574
87,87,Okay.,0.0,0.0,0.0,0.0,0.023257414,0.021952858,0.014499795,0.023086453,0.018760439,0.019691521,0.014288587,0.017821005,0.024131771,0.01877001,0.023994533,0.019390756,0.02444668,0.021679092,0.0184908,0.02428274,0.021715943,0.029862707,0.022794973,0.019167831,0.033947233,0.03931005,0.015122966,0.019688945,0.022263734,0.03154668,0.03065932,0.027602484,0.02448487,0.027682425,0.03407332,0.024333227,0.033435054,0.022902621,0.029717708,0.028145693,0.03492779,0.02639971,0.022588184,0.023586394,0.02549574
88,88,"
No, that's good.",0.0,0.0,0.0,0.0,0.023257414,0.021952858,0.014499795,0.023086453,0.018760439,0.019691521,0.014288587,0.017821005,0.024131771,0.01877001,0.023994533,0.019390756,0.02444668,0.021679092,0.0184908,0.02428274,0.021715943,0.029862707,0.022794973,0.019167831,0.033947233,0.03931005,0.015122966,0.019688945,0.022263734,0.03154668,0.03065932,0.027602484,0.02448487,0.027682425,0.03407332,0.024333227,0.033435054,0.022902621,0.029717708,0.028145693,0.03492779,0.02639971,0.022588184,0.023586394,0.02549574
89,89,"All right, good.",0.0,0.0,0.0,0.0,0.022663448,0.06404258,0.002865804,0.025090035,0.017267304,0.009020146,0.0053575537,0.0014752322,0.2753326,0.001075552,0.0017454281,0.1007929,0.0011654666,0.0143078165,0.002247956,0.004487743,0.007942559,0.32668218,0.0027223642,0.0025480727,0.015217005,0.019384336,0.00028002638,0.0016450203,0.00440636,0.0018460185,0.001577447,0.0060348557,0.001965589,0.0013504574,0.0021543077,0.005157412,0.010644683,0.005070544,0.0012127232,0.0010261575,0.014656106,0.0027834664,0.00094702863,0.0010538044,0.01275402
90,90,"Yay for some baby steps four that's good, good, good.",0.0,0.0,0.0,0.0,0.7390873,0.0035057925,0.19020927,0.002977877,0.0075588897,0.002167145,0.0038410355,0.0017420148,0.0030614748,0.0007695717,0.000121610035,0.000980903,0.0019395181,0.010867854,0.000265157,0.00094184605,0.008398378,0.0009899053,0.0032238914,0.00332841,0.0042576706,0.0046592797,0.0009697887,0.0003066313,0.0009979286,0.00037692062,0.0005809203,0.00018271836,0.0004904041,5.8313475e-05,1.1522348e-05,0.00027149767,0.00026596285,0.00019751517,0.00010546032,4.0682742e-05,4.259069e-05,1.7107906e-05,0.00016449616,1.3355349e-05,1.1335362e-05
91,91,Nice job.,0.0,0.0,0.0,0.0,0.011693481,0.0028030102,0.009979679,0.0026314082,0.0034988162,0.007195517,0.0038175397,0.00036484323,0.8326804,0.001893746,0.0019503905,0.0024988605,0.0010076186,0.003987425,0.0033717426,0.0018218656,0.0024112954,0.0063482933,0.005312322,0.0012772611,0.0071628625,0.00053641706,0.0005330254,0.00428512,0.0017489952,0.002005578,0.0005511315,0.0017159977,0.0013153151,0.002547179,0.0018221871,0.0033572782,0.0040776385,0.0019096237,0.0011970893,0.0007048776,0.0013826555,0.0022782239,0.0009238878,0.0020326376,0.051366676
92,92,Awesome.,0.0,0.0,0.0,0.0,0.023257414,0.021952858,0.014499795,0.023086453,0.018760439,0.019691521,0.014288587,0.017821005,0.024131771,0.01877001,0.023994533,0.019390756,0.02444668,0.021679092,0.0184908,0.02428274,0.021715943,0.029862707,0.022794973,0.019167831,0.033947233,0.03931005,0.015122966,0.019688945,0.022263734,0.03154668,0.03065932,0.027602484,0.02448487,0.027682425,0.03407332,0.024333227,0.033435054,0.022902621,0.029717708,0.028145693,0.03492779,0.02639971,0.022588184,0.023586394,0.02549574
93,93,Great.,0.0,0.0,0.0,0.0,0.023257414,0.021952858,0.014499795,0.023086453,0.018760439,0.019691521,0.014288587,0.017821005,0.024131771,0.01877001,0.023994533,0.019390756,0.02444668,0.021679092,0.0184908,0.02428274,0.021715943,0.029862707,0.022794973,0.019167831,0.033947233,0.03931005,0.015122966,0.019688945,0.022263734,0.03154668,0.03065932,0.027602484,0.02448487,0.027682425,0.03407332,0.024333227,0.033435054,0.022902621,0.029717708,0.028145693,0.03492779,0.02639971,0.022588184,0.023586394,0.02549574
94,94,Okay.,0.0,0.0,0.0,0.0,0.023257414,0.021952858,0.014499795,0.023086453,0.018760439,0.019691521,0.014288587,0.017821005,0.024131771,0.01877001,0.023994533,0.019390756,0.02444668,0.021679092,0.0184908,0.02428274,0.021715943,0.029862707,0.022794973,0.019167831,0.033947233,0.03931005,0.015122966,0.019688945,0.022263734,0.03154668,0.03065932,0.027602484,0.02448487,0.027682425,0.03407332,0.024333227,0.033435054,0.022902621,0.029717708,0.028145693,0.03492779,0.02639971,0.022588184,0.023586394,0.02549574
95,95,"Um, well, what shall we do so I have a little research on my end to do about the glucometer.",0.0,0.0,0.0,0.0,0.60776484,0.0017976848,0.26612845,0.010365666,0.010414421,0.003163628,0.01760546,0.0006445955,0.0024012614,0.009266653,0.0005902144,0.00024746408,0.0022372964,0.0014093021,0.000559987,0.00451398,0.0012233306,0.001001394,0.0018790229,0.003863114,0.0010353705,0.00039831817,0.0017487551,0.046114985,0.0011850607,0.0003920256,0.00018262795,0.00013775757,0.00047142972,5.1008672e-05,0.00011630015,0.00011138844,9.005905e-05,0.00018376987,3.5086377e-05,0.00029602597,1.4799038e-05,3.9227372e-05,0.00029765585,1.24053495e-05,8.1462695e-06
96,96,Do you want to try to set a time that we can follow up assuming we'll ensure that you know we'll be able to get you the glucometer and then we can follow up over around your blood sugar results.,0.0,0.0,0.0,0.0,0.5533236,0.00015355607,0.30012134,0.00016641544,0.00029989437,0.00038274418,0.1076423,0.00013863537,0.001283157,9.563928e-05,1.3077065e-06,0.00011065504,0.00010123068,0.023418786,6.0937844e-05,0.0031272133,0.0011499976,0.00067479,0.00012568072,0.0034784158,0.0016459514,0.00010757117,9.062981e-05,0.0020940006,7.05827e-05,1.2421597e-05,2.5500524e-06,1.9089177e-06,3.418473e-05,1.1891099e-06,1.7718056e-06,7.838103e-06,1.7455523e-05,4.2319396e-05,2.1881929e-06,1.0207729e-06,5.888767e-07,1.9489196e-06,6.83881e-06,1.3923034e-07,5.473493e-07
97,97,Yep.,0.0,0.0,0.0,0.0,0.023257414,0.021952858,0.014499795,0.023086453,0.018760439,0.019691521,0.014288587,0.017821005,0.024131771,0.01877001,0.023994533,0.019390756,0.02444668,0.021679092,0.0184908,0.02428274,0.021715943,0.029862707,0.022794973,0.019167831,0.033947233,0.03931005,0.015122966,0.019688945,0.022263734,0.03154668,0.03065932,0.027602484,0.02448487,0.027682425,0.03407332,0.024333227,0.033435054,0.022902621,0.029717708,0.028145693,0.03492779,0.02639971,0.022588184,0.023586394,0.02549574
98,98,That sounds.,0.0,0.0,0.0,0.0,0.0715027,0.035059724,0.103078425,0.044862658,0.2036481,0.2561336,0.005481686,0.001546019,0.009569398,0.0025693881,0.004640707,0.003657051,0.013643718,0.0045470754,0.004643664,0.012402477,0.018610945,0.017676733,0.027558152,0.0019228173,0.01785134,0.0066342913,0.000626404,0.013176065,0.004803001,0.015375003,0.0047424743,0.008225879,0.00467169,0.0013853218,0.008102019,0.0043275687,0.0031543763,0.002535431,0.005728618,0.0052016373,0.042126395,0.0046281656,0.00066498807,0.0005466697,0.002737614
99,99,"Yeah, that sounds perfect.",0.0,0.0,0.0,0.0,0.09855614,0.012330105,0.52009016,0.004155451,0.039745457,0.23670419,0.008306904,0.0010939903,0.017205093,0.0016065985,0.0003421644,0.00093212875,0.0024467346,0.0041942038,0.0012332693,0.008094781,0.013609376,0.004459615,0.0053459904,0.001686213,0.0030135908,0.0027911402,0.00034780122,0.005079971,0.0021906698,0.00070063,0.00023734037,0.00030935215,0.00054392504,0.00027175524,6.74111e-05,0.0008358592,0.00020354243,0.00019449923,0.00029145,0.00012313944,0.00047342913,4.0409355e-05,6.142201e-05,1.9662793e-05,6.439336e-05
100,100,"Why don't we yep we can follow up in a month we can follow up sooner if you like you don't have to have a ton of blood sugar results just, you know, just to get started or
the dates.",0.0,0.0,0.0,0.0,0.8784678,4.1573156e-05,0.104352966,0.00014306584,0.00023790484,0.0001273074,0.0132300155,4.1330197e-05,0.00034674339,0.0003355196,3.36984e-06,5.8505357e-06,3.365467e-05,2.8860914e-05,1.7902214e-05,0.00041820775,4.858744e-05,5.056011e-05,3.6153913e-05,0.00016227247,0.00012647858,1.556582e-05,1.1934512e-05,0.0016744566,9.211931e-06,7.960857e-06,9.032295e-07,2.2960464e-06,5.3677654e-06,8.5349774e-07,1.9298798e-06,2.2402526e-06,2.8870531e-06,4.7874164e-06,9.5545225e-08,2.1674914e-06,1.987215e-07,1.3500753e-07,8.283767e-07,8.157948e-08,1.3930807e-08
101,101,"
If we look at a month out we're looking at either.",0.0,0.0,0.0,0.0,0.75192744,0.00015422601,0.22123775,0.00068044954,0.00044742218,0.00014058292,0.00046402207,2.6444082e-05,0.0010755204,0.00010016317,1.23231175e-05,5.1888444e-05,0.0002432632,0.0004228585,1.3458805e-05,0.010709738,0.001468658,0.00021568967,0.00010640138,0.006482179,0.0026146185,0.0002284965,7.086701e-06,0.0006418569,0.00017996698,2.1175494e-05,2.0218247e-05,4.4857493e-06,2.6132064e-05,2.9350558e-06,6.7579163e-06,2.5396539e-05,0.00010784685,8.7591536e-05,8.695404e-06,4.971929e-06,6.899641e-06,1.7669506e-06,2.016287e-05,9.4017173e-07,1.4319525e-06
102,102,See if I have an opening.,0.0,0.0,0.0,0.0,0.83241975,0.0008769502,0.09850223,0.00430656,0.002106351,0.0026659663,0.0042476566,0.00026152248,0.005346597,0.00032103914,0.00018295452,0.00047072003,0.0022708112,0.013219038,0.00015523196,0.0034634785,0.0013711399,0.0031332683,0.0059647257,0.003961844,0.0020423224,0.0008688268,0.00019862405,0.0007118076,0.0017684572,0.00082077,0.003260099,0.00013981214,0.0013346545,6.3575e-05,9.055135e-05,0.0013323101,0.00016887349,0.00073468126,0.000492783,0.00012571199,0.00017051447,6.7012385e-05,0.00027260563,3.9600025e-05,4.8612383e-05
103,103,I do have an opening right now for December It's Friday December the fourth.,0.0,0.0,0.0,0.0,0.984098,4.0608444e-05,0.003866998,6.4065054e-05,0.0006010998,0.00011953597,0.0029460585,9.365875e-05,0.0001344793,1.100001e-05,1.2587672e-05,5.8032383e-05,7.7857156e-05,0.00076152704,2.2364433e-05,0.00022522335,0.00023592405,0.00015178298,0.0035978993,3.718105e-05,0.000101124,6.1253275e-05,1.23866575e-05,1.4968589e-05,0.00012745075,8.004826e-05,0.0017225848,2.9562692e-05,0.0003771724,3.1668565e-05,2.1475156e-05,0.000119199474,2.1901204e-05,3.0165203e-05,6.149163e-06,3.3591237e-05,6.719869e-06,1.5649053e-05,2.444367e-05,2.4799342e-06,4.1552316e-06
104,104,"Okay, 130.",0.0,0.0,0.0,0.0,0.023257414,0.021952858,0.014499795,0.023086453,0.018760439,0.019691521,0.014288587,0.017821005,0.024131771,0.01877001,0.023994533,0.019390756,0.02444668,0.021679092,0.0184908,0.02428274,0.021715943,0.029862707,0.022794973,0.019167831,0.033947233,0.03931005,0.015122966,0.019688945,0.022263734,0.03154668,0.03065932,0.027602484,0.02448487,0.027682425,0.03407332,0.024333227,0.033435054,0.022902621,0.029717708,0.028145693,0.03492779,0.02639971,0.022588184,0.023586394,0.02549574
105,105,Okay.,0.0,0.0,0.0,0.0,0.023257414,0.021952858,0.014499795,0.023086453,0.018760439,0.019691521,0.014288587,0.017821005,0.024131771,0.01877001,0.023994533,0.019390756,0.02444668,0.021679092,0.0184908,0.02428274,0.021715943,0.029862707,0.022794973,0.019167831,0.033947233,0.03931005,0.015122966,0.019688945,0.022263734,0.03154668,0.03065932,0.027602484,0.02448487,0.027682425,0.03407332,0.024333227,0.033435054,0.022902621,0.029717708,0.028145693,0.03492779,0.02639971,0.022588184,0.023586394,0.02549574
106,106,Good.,0.0,0.0,0.0,0.0,0.023257414,0.021952858,0.014499795,0.023086453,0.018760439,0.019691521,0.014288587,0.017821005,0.024131771,0.01877001,0.023994533,0.019390756,0.02444668,0.021679092,0.0184908,0.02428274,0.021715943,0.029862707,0.022794973,0.019167831,0.033947233,0.03931005,0.015122966,0.019688945,0.022263734,0.03154668,0.03065932,0.027602484,0.02448487,0.027682425,0.03407332,0.024333227,0.033435054,0.022902621,0.029717708,0.028145693,0.03492779,0.02639971,0.022588184,0.023586394,0.02549574
107,107,"All right, is it okay if I check in, in the interim just to see how things are going with the glucometer.",0.0,0.0,0.0,0.0,0.64978,0.0011743518,0.32313102,0.0035439397,0.005713988,0.00068311126,0.0025446524,6.1830484e-05,0.0024923212,0.00016967804,1.2385015e-05,0.002480393,9.230364e-05,0.0006277882,2.3573695e-05,0.0022358669,0.0008008944,0.001548073,7.466293e-05,0.0004805076,0.0014121737,0.0001381807,7.680979e-06,0.00040310313,0.00016184631,2.2425873e-05,1.298825e-05,6.2307963e-06,3.033162e-05,1.1108904e-06,7.863536e-07,1.9242274e-05,3.7199632e-05,4.7292917e-05,2.9325868e-06,1.5644027e-06,1.8310047e-05,8.423986e-07,3.5211656e-06,1.0378042e-07,8.7819257e-07
108,108,"And you can feel free if you're like I, you know, Doctor, I don't want to check I'm done or you know it doesn't work out, you also let me know that too.",0.0,0.0,0.0,0.0,0.32634318,0.00031490636,0.63143986,0.0022349912,0.0004033029,0.00064653764,0.0017716845,0.00010120379,0.0002014554,0.00017197638,3.804042e-05,0.00012184897,0.0033660093,0.012703834,4.2925552e-05,0.0043282653,0.0028845498,0.0010608261,0.00012058189,0.006024338,0.0023306173,0.00034085798,0.00024767293,0.0015501955,0.0004346362,8.656031e-05,3.5493973e-05,1.2627856e-05,6.488164e-05,5.8404944e-06,9.530488e-06,3.4223693e-05,9.239692e-05,0.00018821488,3.239085e-05,2.6501211e-05,4.0904033e-05,2.371315e-06,0.00014012872,1.3353474e-06,2.3159087e-06
109,109,"
Oh, I will probably I'll send you a my hope online message maybe in a week or two just to see how things are going with the glucometer.",0.0,0.0,0.0,0.0,0.46765417,0.0014825655,0.502383,0.00054112484,0.011467934,0.0018387747,0.000996903,0.00040091557,0.008352162,3.759528e-05,3.5900146e-06,0.00031399966,9.066182e-05,0.000895937,1.394769e-05,0.00053626695,0.00080199516,0.00014072689,0.00019748883,0.0013907669,0.00013607561,7.468248e-05,3.5927456e-05,5.257035e-05,6.3402826e-05,7.915635e-06,1.0583122e-05,3.2013302e-06,3.6579713e-05,1.7109588e-06,6.826606e-08,1.0262279e-05,1.032678e-05,1.1095153e-05,1.8045323e-06,2.2721052e-07,2.2557741e-07,7.0161676e-08,2.3757052e-06,7.2848e-08,2.6724058e-07
110,110,"
That's right.",0.0,0.0,0.0,0.0,0.023257414,0.021952858,0.014499795,0.023086453,0.018760439,0.019691521,0.014288587,0.017821005,0.024131771,0.01877001,0.023994533,0.019390756,0.02444668,0.021679092,0.0184908,0.02428274,0.021715943,0.029862707,0.022794973,0.019167831,0.033947233,0.03931005,0.015122966,0.019688945,0.022263734,0.03154668,0.03065932,0.027602484,0.02448487,0.027682425,0.03407332,0.024333227,0.033435054,0.022902621,0.029717708,0.028145693,0.03492779,0.02639971,0.022588184,0.023586394,0.02549574
111,111,Yep.,0.0,0.0,0.0,0.0,0.023257414,0.021952858,0.014499795,0.023086453,0.018760439,0.019691521,0.014288587,0.017821005,0.024131771,0.01877001,0.023994533,0.019390756,0.02444668,0.021679092,0.0184908,0.02428274,0.021715943,0.029862707,0.022794973,0.019167831,0.033947233,0.03931005,0.015122966,0.019688945,0.022263734,0.03154668,0.03065932,0.027602484,0.02448487,0.027682425,0.03407332,0.024333227,0.033435054,0.022902621,0.029717708,0.028145693,0.03492779,0.02639971,0.022588184,0.023586394,0.02549574
112,112,"
There's really free information just so you can start to see what your blood, how your blood sugars are running.",0.0,0.0,0.0,0.0,0.61929804,0.0014369026,0.30795124,0.0012516357,0.0053720246,0.0018358148,0.015646929,0.0012590715,0.00044667814,0.0041908193,6.872225e-05,0.0011359364,0.00051473995,0.0062154783,0.00048316302,0.0036022246,0.00704341,0.0011713954,0.0014755686,0.009120396,0.0013536989,0.00066279114,0.0049094968,0.0014916741,0.00034047166,0.0001803146,8.894278e-05,0.00035393116,0.00024686073,2.3314056e-05,7.0706933e-06,8.967439e-05,0.00037203723,0.00014460926,2.8566263e-05,3.734266e-05,1.6763011e-05,7.487244e-06,0.000112026006,8.197204e-06,4.6465248e-06
113,113,Yeah.,0.0,0.0,0.0,0.0,0.023257414,0.021952858,0.014499795,0.023086453,0.018760439,0.019691521,0.014288587,0.017821005,0.024131771,0.01877001,0.023994533,0.019390756,0.02444668,0.021679092,0.0184908,0.02428274,0.021715943,0.029862707,0.022794973,0.019167831,0.033947233,0.03931005,0.015122966,0.019688945,0.022263734,0.03154668,0.03065932,0.027602484,0.02448487,0.027682425,0.03407332,0.024333227,0.033435054,0.022902621,0.029717708,0.028145693,0.03492779,0.02639971,0.022588184,0.023586394,0.02549574
114,114,"And then, do you do you remember, can you just share with me what time we talked about what's a good time to check your blood sugar's.",0.0,0.0,0.0,0.0,0.45677477,0.00029734152,0.3165273,0.0022531052,0.0009535935,0.00082547544,0.12669626,0.0003932887,0.0046381904,0.0072098747,8.8007095e-05,0.00020892467,0.0005998147,0.0029980866,0.0007032344,0.02798681,0.004824604,0.0019511314,0.00032185536,0.021125222,0.0011683784,0.00021880027,0.0026762846,0.014112447,0.001428601,0.00020299558,5.490536e-05,0.00012033538,0.00031544696,0.00012854852,0.00054336345,0.00014171294,0.0004859502,0.00044628824,5.034148e-05,0.00012394985,2.4035604e-05,1.9383324e-05,0.00024753908,9.355422e-05,2.0316264e-05
115,115,"
Okay.",0.0,0.0,0.0,0.0,0.023257414,0.021952858,0.014499795,0.023086453,0.018760439,0.019691521,0.014288587,0.017821005,0.024131771,0.01877001,0.023994533,0.019390756,0.02444668,0.021679092,0.0184908,0.02428274,0.021715943,0.029862707,0.022794973,0.019167831,0.033947233,0.03931005,0.015122966,0.019688945,0.022263734,0.03154668,0.03065932,0.027602484,0.02448487,0.027682425,0.03407332,0.024333227,0.033435054,0.022902621,0.029717708,0.028145693,0.03492779,0.02639971,0.022588184,0.023586394,0.02549574
116,116,"Yeah, so I would suggest checking before breakfast.",0.0,0.0,0.0,0.0,0.77104115,0.00080773816,0.18101484,0.0020171148,0.005214416,0.0059929057,0.0014672885,0.00046138253,0.002314042,0.000376975,5.464861e-05,0.0003519511,0.0009454991,0.0018540348,3.1414278e-05,0.013736591,0.0011694768,0.0006933429,0.0010944551,0.0053700926,0.0011303261,0.00025093908,0.00012716852,0.0012745553,0.00020845362,0.00010496412,7.678116e-05,2.1627298e-05,0.000110002075,1.6763423e-05,2.657468e-06,9.927242e-05,3.3730706e-05,0.00038824475,2.7426633e-05,1.7993072e-05,1.499291e-05,4.627159e-06,6.94414e-05,2.3601458e-06,8.380876e-06
117,117,so fasting blood sugar.,0.0,0.0,0.0,0.0,0.941333,0.00018010882,0.021868188,0.002328223,0.00037305072,0.0002329839,0.027447214,5.4824577e-05,0.00054350245,0.000105564526,1.4231505e-05,8.1859325e-05,0.00011927796,0.0012258424,6.850765e-05,0.00014747767,0.00095028017,0.00025637296,0.0004899009,0.00010280353,0.00041640614,0.00087726355,1.9508116e-05,2.2799903e-05,5.0019367e-05,5.9069233e-05,0.0003040567,5.3501324e-05,4.5557143e-05,2.6125463e-05,1.8509498e-05,0.00010959035,9.62601e-06,1.4761099e-05,6.8265404e-06,1.4087531e-05,6.0539573e-06,1.0910882e-05,7.2625467e-06,2.720932e-06,2.1315202e-06
118,118,"
No to check before breakfast before going into work.",0.0,0.0,0.0,0.0,0.74348927,0.00062057335,0.1962036,0.0024126454,0.009561222,0.00074408186,0.013035761,0.00029927772,0.0003340581,0.00017031367,0.001790549,9.27826e-05,7.633681e-05,0.0040265676,3.1380896e-05,0.008852778,0.0017435452,0.0027013586,8.0800404e-05,0.00094274984,0.0035042625,0.0064623496,9.543686e-05,0.00016739247,9.906077e-05,0.0017777961,0.00033032952,1.4091604e-05,6.277595e-05,6.857594e-06,2.3791823e-05,4.6215657e-05,3.0743955e-05,0.0001035731,8.965015e-06,1.5442823e-05,2.2925105e-05,3.7305047e-06,1.3628124e-05,2.947186e-07,6.419235e-07
119,119,"
Yeah, no, that's perfect.",0.0,0.0,0.0,0.0,0.023257414,0.021952858,0.014499795,0.023086453,0.018760439,0.019691521,0.014288587,0.017821005,0.024131771,0.01877001,0.023994533,0.019390756,0.02444668,0.021679092,0.0184908,0.02428274,0.021715943,0.029862707,0.022794973,0.019167831,0.033947233,0.03931005,0.015122966,0.019688945,0.022263734,0.03154668,0.03065932,0.027602484,0.02448487,0.027682425,0.03407332,0.024333227,0.033435054,0.022902621,0.029717708,0.028145693,0.03492779,0.02639971,0.022588184,0.023586394,0.02549574
120,120,"Yeah, you check really early yeah because for most people, they have been fasting them but you know a good 10 hour fasts and you kind of want to see what your blood sugar's are running after a 10 hour fast.",0.0,0.0,0.0,0.0,0.52073056,0.0039060395,0.42712718,0.0013962575,0.0061708293,0.0024830746,0.006223998,0.0016371906,0.001941071,9.784372e-05,9.286596e-06,0.000690573,0.00030949773,0.010932784,9.9224104e-05,0.0009759317,0.006299461,0.0010772026,0.0009830426,0.0027980185,0.0017027832,0.0010484008,6.782803e-05,0.0002901731,0.00043188623,5.4734595e-05,0.00012752198,1.7862252e-05,0.00011664382,7.2846788e-06,5.3945814e-07,0.0001020825,3.3977936e-05,7.087812e-05,1.0891749e-05,4.8793486e-06,3.199851e-06,9.295781e-07,1.713194e-05,5.906205e-07,8.306952e-07
121,121,"
After you sleep
work yeah and then, I mean, do you know did we talk about what your numbers should look like.",0.0,0.0,0.0,0.0,0.6519233,0.0011922243,0.12676185,0.00094786996,0.010423528,0.00036713283,0.009344182,0.00135586,0.00198979,0.00020595484,3.6936803e-05,0.00074989075,0.00033313068,0.01197322,6.56537e-05,0.0057757194,0.14406207,0.002242117,0.0021868786,0.012607262,0.008420308,0.004455539,0.00016620205,0.0011105097,0.00020164259,0.0001698615,6.927228e-05,2.7098717e-05,9.6807686e-05,2.260476e-05,6.505134e-05,9.5675736e-05,0.00024508097,0.000109519686,2.6982749e-05,4.375766e-05,1.7414959e-05,5.019648e-06,9.4008275e-05,1.188308e-06,1.1758853e-05
122,122,First thing in the morning.,0.0,0.0,0.0,0.0,0.5237449,0.00092051487,0.35070512,0.0081072515,0.009273914,0.005561441,0.011345333,0.0006777542,0.0019234541,0.019412769,0.00043030435,0.00034175714,0.004025265,0.0021235195,0.0008160542,0.014837837,0.0054750624,0.001403002,0.0024411276,0.0005409648,0.013182054,0.006874988,0.00031160444,0.0033247047,0.00199723,0.0013768052,0.00071525224,0.000330893,0.00040743078,0.0002585383,0.0006467117,0.00045057145,0.00069180323,0.00036907432,0.0009586992,0.0024961897,0.0008231345,0.00023262533,0.0003033779,7.360896e-05,6.7360175e-05
123,123,Yep.,0.0,0.0,0.0,0.0,0.023257414,0.021952858,0.014499795,0.023086453,0.018760439,0.019691521,0.014288587,0.017821005,0.024131771,0.01877001,0.023994533,0.019390756,0.02444668,0.021679092,0.0184908,0.02428274,0.021715943,0.029862707,0.022794973,0.019167831,0.033947233,0.03931005,0.015122966,0.019688945,0.022263734,0.03154668,0.03065932,0.027602484,0.02448487,0.027682425,0.03407332,0.024333227,0.033435054,0.022902621,0.029717708,0.028145693,0.03492779,0.02639971,0.022588184,0.023586394,0.02549574
124,124,You got it.,0.0,0.0,0.0,0.0,0.39963737,0.019471368,0.3037268,0.025516465,0.018896522,0.018546106,0.018701987,0.0008390165,0.01628289,0.0014147154,0.00057160005,0.0018467281,0.0026205704,0.04559778,0.0019319567,0.011512831,0.038007524,0.013278905,0.0037125524,0.016320983,0.01226969,0.013813299,0.00050546334,0.0040652617,0.0014565266,0.0012004714,0.00084825186,0.0012445472,0.0005686493,0.00023225059,0.0003247716,0.0013475589,0.000811277,0.0006720362,0.00055557664,0.00023031776,0.0004494878,0.00025058215,0.00041558302,0.0001169161,0.00018680221
125,125,"Yeah, yeah, I doubt it.",0.0,0.0,0.0,0.0,0.18014161,0.010350405,0.25030726,0.0038727291,0.45260847,0.08374694,0.0005539763,0.0021158422,0.0018700516,0.00013478464,0.00023467527,0.00029005887,0.0019413162,0.0006802717,0.00014391041,0.0017268237,0.0012996357,0.00033426672,0.004523926,0.0001000757,0.00058787805,0.0006620157,6.246359e-05,0.00037682505,0.0001342187,0.00035668543,0.00024738448,0.0002085167,0.00015312187,2.0546455e-05,3.6088682e-06,3.428864e-05,1.6394983e-05,1.3426359e-05,5.9608232e-05,1.5484165e-05,3.5463996e-05,1.4069899e-05,1.5018937e-05,2.140885e-06,3.758399e-06
126,126,Nothing over 120.,0.0,0.0,0.0,0.0,0.33822504,0.010913572,0.13396783,0.0053048027,0.011484545,0.0012715303,0.003725673,0.0020854594,0.0032890835,0.0011662849,0.0001640625,0.003018987,0.0010488279,0.035878513,0.0002046036,0.0014203646,0.18257639,0.003012595,0.0036059825,0.005586581,0.011328576,0.2337433,0.00027907954,0.00020793188,0.00041876067,0.0003886571,0.0012901942,0.00056166085,0.0003923209,0.00044371138,0.0001557673,0.00047852306,0.000822285,0.00023609221,0.0003053227,7.1293696e-05,0.00012960396,7.691717e-05,0.0006463454,3.6467925e-05,3.6469974e-05
127,127,Yes.,0.0,0.0,0.0,0.0,0.023257414,0.021952858,0.014499795,0.023086453,0.018760439,0.019691521,0.014288587,0.017821005,0.024131771,0.01877001,0.023994533,0.019390756,0.02444668,0.021679092,0.0184908,0.02428274,0.021715943,0.029862707,0.022794973,0.019167831,0.033947233,0.03931005,0.015122966,0.019688945,0.022263734,0.03154668,0.03065932,0.027602484,0.02448487,0.027682425,0.03407332,0.024333227,0.033435054,0.022902621,0.029717708,0.028145693,0.03492779,0.02639971,0.022588184,0.023586394,0.02549574
128,128,"Yes, I know it's no it's good you're spot on.",0.0,0.0,0.0,0.0,0.468677,0.017388178,0.24040805,0.017988412,0.080907136,0.109476544,0.004794407,0.004035494,0.009477074,0.0005362848,0.005801526,0.001353994,0.009464,0.004705681,0.00023598212,0.0074032797,0.0004642591,0.0036034868,0.00085972185,0.0005434964,0.0009045071,0.0029123635,0.00041275306,0.0006462929,0.0011963531,0.0033351204,0.00069893926,8.402246e-05,0.0010170126,0.00013697732,6.7682745e-06,0.00013926941,4.2818243e-05,0.000113815164,7.831022e-05,2.3199353e-05,4.3363478e-05,5.9303434e-06,6.635614e-05,4.8194643e-06,7.0249434e-06
129,129,Yeah.,0.0,0.0,0.0,0.0,0.023257414,0.021952858,0.014499795,0.023086453,0.018760439,0.019691521,0.014288587,0.017821005,0.024131771,0.01877001,0.023994533,0.019390756,0.02444668,0.021679092,0.0184908,0.02428274,0.021715943,0.029862707,0.022794973,0.019167831,0.033947233,0.03931005,0.015122966,0.019688945,0.022263734,0.03154668,0.03065932,0.027602484,0.02448487,0.027682425,0.03407332,0.024333227,0.033435054,0.022902621,0.029717708,0.028145693,0.03492779,0.02639971,0.022588184,0.023586394,0.02549574
130,130,Awesome.,0.0,0.0,0.0,0.0,0.023257414,0.021952858,0.014499795,0.023086453,0.018760439,0.019691521,0.014288587,0.017821005,0.024131771,0.01877001,0.023994533,0.019390756,0.02444668,0.021679092,0.0184908,0.02428274,0.021715943,0.029862707,0.022794973,0.019167831,0.033947233,0.03931005,0.015122966,0.019688945,0.022263734,0.03154668,0.03065932,0.027602484,0.02448487,0.027682425,0.03407332,0.024333227,0.033435054,0.022902621,0.029717708,0.028145693,0.03492779,0.02639971,0.022588184,0.023586394,0.02549574
131,131,"Okay, sounds good.",0.0,0.0,0.0,0.0,0.070437044,0.03658552,0.34971166,0.009280225,0.047345873,0.1904467,0.014184101,0.005575193,0.056998372,0.008099027,0.002025371,0.005894423,0.010388316,0.011205095,0.0064133853,0.01850866,0.028663939,0.013216197,0.015814615,0.009479,0.008703198,0.013208895,0.0037033274,0.015733974,0.014453468,0.0038871448,0.0015298721,0.0017407464,0.0036756573,0.002886942,0.0008022005,0.0054570087,0.0023688828,0.0018875641,0.0023109147,0.0013569864,0.0030571073,0.0005975134,0.0009709567,0.0003370693,0.0010579014
132,132,"So yeah, so I will plan to call you then.",0.0,0.0,0.0,0.0,0.7624986,0.00038154025,0.097378284,0.01573077,0.0012969465,0.00065185217,0.0066757044,0.00042861854,0.015307496,0.00095474103,0.00017481884,0.000566095,0.003148764,0.010984482,0.00015933989,0.032365866,0.02719292,0.0035842026,0.0016583786,0.0061732293,0.0010192101,0.0011253281,0.00050945854,0.00045856333,0.0013978747,0.00084447616,0.0019148573,0.00010128898,0.0004608501,0.00078688515,0.00011828089,0.0014138278,0.0005613525,0.0009017888,0.00014881461,0.00016044143,0.00013508077,6.967807e-05,0.00036946853,5.05523e-05,0.00013933734
133,133,"I will call you in a month, December, the fourth at 130.",0.0,0.0,0.0,0.0,0.9217654,8.5597865e-05,0.019185025,0.00015175992,0.0016103053,0.00043120378,0.0010028302,8.233845e-05,0.0070158727,4.016538e-05,5.7433503e-05,8.502429e-05,0.00014454211,0.00094666413,1.7214134e-05,0.041140094,0.0017241902,0.00048169625,0.001316354,0.000848308,0.00012690443,0.000111455876,1.3718834e-05,6.573463e-05,0.00022460555,0.0001648984,0.00024077363,1.9071744e-05,0.00012322201,0.00013650586,1.56224e-05,0.00013388856,0.00018871592,0.00018130816,1.6973325e-05,1.6716618e-05,9.906082e-06,1.0153676e-05,3.1090934e-05,1.1258425e-05,2.5431864e-05
134,134,And we'll be in touch to let you know if find out what the glucometer is or anything else.,0.0,0.0,0.0,0.0,0.37993574,6.798307e-05,0.58615863,0.0004927094,0.0002983573,0.0002106367,0.0020421185,9.072404e-05,0.00078968424,0.00038245675,2.038714e-05,5.610152e-05,0.0005022866,0.0009620166,1.8444525e-05,0.017218336,0.0008034076,0.00024898731,5.5694723e-05,0.006072996,0.0010646528,0.00011407757,8.254879e-05,0.0013541874,0.00039291437,2.5746363e-05,1.5213854e-05,2.7249712e-06,3.6620957e-05,4.8989555e-06,7.5565986e-06,2.3446442e-05,6.5884036e-05,0.00030432586,1.4501426e-05,8.54033e-06,1.0245601e-05,9.909473e-07,4.086161e-05,4.751118e-07,1.8026839e-06
135,135,Sure.,0.0,0.0,0.0,0.0,0.023257414,0.021952858,0.014499795,0.023086453,0.018760439,0.019691521,0.014288587,0.017821005,0.024131771,0.01877001,0.023994533,0.019390756,0.02444668,0.021679092,0.0184908,0.02428274,0.021715943,0.029862707,0.022794973,0.019167831,0.033947233,0.03931005,0.015122966,0.019688945,0.022263734,0.03154668,0.03065932,0.027602484,0.02448487,0.027682425,0.03407332,0.024333227,0.033435054,0.022902621,0.029717708,0.028145693,0.03492779,0.02639971,0.022588184,0.023586394,0.02549574
136,136,"Yeah, thanks Jacqueline I appreciate that.",0.0,0.0,0.0,0.0,0.02751974,0.013476497,0.020877294,0.012800613,0.02321225,0.011633053,0.0041279783,0.0018627339,0.838897,0.0017559323,0.00051373616,0.007561287,0.0005608383,0.0021305343,0.0010271868,0.002137373,0.002369442,0.008498798,0.002652605,0.0007286488,0.0034929346,0.0011922697,0.00025299485,0.0008454466,0.0009701527,0.00043069938,0.0003073787,0.00026069887,0.00028446416,0.0005792154,3.324979e-05,0.0004967948,0.0007181722,0.00018638134,0.00022634667,0.00010327666,9.714007e-05,0.0001828845,7.245562e-05,5.5249435e-05,0.0048684333
137,137,well thank you for.,0.0,0.0,0.0,0.0,0.0006478243,0.00012366915,0.00021735873,0.0007199139,0.00033882065,0.001533153,0.001774092,6.2974075e-05,0.333976,0.0008825713,0.0022837936,0.0013704726,0.00015297544,0.0009789563,0.0003931118,0.0035897775,0.0004665149,0.01001046,0.00025607852,0.0013068495,0.00021026886,0.00023902001,0.0001983183,0.00044429983,0.0018564789,0.0016209756,0.0003905901,0.0007287944,0.0005307622,0.009569887,0.0036999907,0.0066612214,0.005800791,0.0017366358,0.0027584713,0.0003231214,0.00091950194,0.00082988676,0.0006377871,0.0020851465,0.5976727
138,138,"You've been, you have been making progress so you're doing a Okay, we'll get it figured out.",0.0,0.0,0.0,0.0,0.36504146,0.00037408614,0.46350557,0.0024736235,0.0028922814,0.002597235,0.13105282,0.00024352211,0.0014834714,0.000475648,5.073445e-05,7.312202e-05,0.00029418065,0.004110071,0.0001814371,0.0020089857,0.015198312,0.0010390197,0.0005899421,0.0008563444,0.0029472036,0.00064686796,8.904683e-05,0.00058864837,0.00012797503,0.00017505782,0.0001539127,5.878972e-05,0.00013193481,2.5782274e-05,6.447299e-05,0.00019684089,4.879973e-05,5.98042e-05,6.0174123e-05,2.8539547e-05,1.4556529e-05,8.023551e-06,1.4638818e-05,5.430297e-06,1.1632612e-05
139,139,"So, all right well you take care yep talk with you next month happy.",0.0,0.0,0.0,0.0,0.39914066,0.011400453,0.28336963,0.0011540137,0.07700218,0.017954573,0.009616335,0.0011893181,0.14232033,4.6906986e-05,4.4524546e-05,0.00123855,0.00018381061,0.011281703,0.00018674189,0.0048474222,0.01529839,0.0028939801,0.0036620982,0.005013975,0.010058441,0.0012966751,3.5851484e-05,0.00012767603,0.00011587113,3.6481764e-05,5.6697187e-05,1.5302365e-05,9.56688e-05,1.196075e-05,2.5147144e-06,5.1954834e-05,8.810708e-05,8.000077e-05,2.7076498e-05,3.4747368e-06,1.7859277e-06,8.317245e-06,1.0685136e-05,1.1777084e-06,2.8681046e-05
140,140,Yeah.,0.0,0.0,0.0,0.0,0.023257414,0.021952858,0.014499795,0.023086453,0.018760439,0.019691521,0.014288587,0.017821005,0.024131771,0.01877001,0.023994533,0.019390756,0.02444668,0.021679092,0.0184908,0.02428274,0.021715943,0.029862707,0.022794973,0.019167831,0.033947233,0.03931005,0.015122966,0.019688945,0.022263734,0.03154668,0.03065932,0.027602484,0.02448487,0.027682425,0.03407332,0.024333227,0.033435054,0.022902621,0.029717708,0.028145693,0.03492779,0.02639971,0.022588184,0.023586394,0.02549574
141,141,Happy Thanksgiving.,0.0,0.0,0.0,0.0,0.07900967,0.0016770458,0.0033485594,0.0024802627,0.0036613508,0.0020877533,0.0027704842,0.00023669786,0.8347351,0.0014714372,0.0010725111,0.0022999123,0.0005645657,0.0056169117,0.0017155121,0.0011173728,0.0020649014,0.0072135716,0.00371354,0.0007455111,0.005805058,0.00034224484,0.000103094695,0.0014735907,0.0008360743,0.0010556527,0.0006629568,0.002097314,0.00092628057,0.0007639812,0.0013562815,0.0014953377,0.0024825288,0.0011639744,0.0003053299,0.00055688206,0.0006511365,0.0022103547,0.00051701564,0.0015352182,0.016057048
142,142,You're welcome.,0.0,0.0,0.0,0.0,0.023257414,0.021952858,0.014499795,0.023086453,0.018760439,0.019691521,0.014288587,0.017821005,0.024131771,0.01877001,0.023994533,0.019390756,0.02444668,0.021679092,0.0184908,0.02428274,0.021715943,0.029862707,0.022794973,0.019167831,0.033947233,0.03931005,0.015122966,0.019688945,0.022263734,0.03154668,0.03065932,0.027602484,0.02448487,0.027682425,0.03407332,0.024333227,0.033435054,0.022902621,0.029717708,0.028145693,0.03492779,0.02639971,0.022588184,0.023586394,0.02549574
143,143,All right.,0.0,0.0,0.0,0.0,0.022663448,0.06404258,0.002865804,0.025090035,0.017267304,0.009020146,0.0053575537,0.0014752322,0.2753326,0.001075552,0.0017454281,0.1007929,0.0011654666,0.0143078165,0.002247956,0.004487743,0.007942559,0.32668218,0.0027223642,0.0025480727,0.015217005,0.019384336,0.00028002638,0.0016450203,0.00440636,0.0018460185,0.001577447,0.0060348557,0.001965589,0.0013504574,0.0021543077,0.005157412,0.010644683,0.005070544,0.0012127232,0.0010261575,0.014656106,0.0027834664,0.00094702863,0.0010538044,0.01275402
144,144,Take care.,0.0,0.0,0.0,0.0,0.007837407,0.0035712034,0.0011837513,0.0034520954,0.0023977882,0.0012659411,0.001309101,0.0004767602,0.852082,0.0012032588,0.0015007199,0.005021002,0.0006295868,0.0024929794,0.0011791998,0.00119667,0.0014613013,0.0152915185,0.0011519364,0.0021423888,0.019746438,0.0013331021,0.00013233675,0.001861559,0.0011516727,0.0010730145,0.0006786735,0.0020012811,0.0010047529,0.0016802571,0.0013432604,0.0023368595,0.0076656253,0.0026891944,0.0010371848,0.0006246453,0.0018952937,0.0015969705,0.00076365017,0.0031959107,0.039341778
145,145,Bye.,0.0,0.0,0.0,0.0,0.023257414,0.021952858,0.014499795,0.023086453,0.018760439,0.019691521,0.014288587,0.017821005,0.024131771,0.01877001,0.023994533,0.019390756,0.02444668,0.021679092,0.0184908,0.02428274,0.021715943,0.029862707,0.022794973,0.019167831,0.033947233,0.03931005,0.015122966,0.019688945,0.022263734,0.03154668,0.03065932,0.027602484,0.02448487,0.027682425,0.03407332,0.024333227,0.033435054,0.022902621,0.029717708,0.028145693,0.03492779,0.02639971,0.022588184,0.023586394,0.02549574
146,146,"
",0.0,0.0,0.0,0.0,0.023257414,0.021952858,0.014499795,0.023086453,0.018760439,0.019691521,0.014288587,0.017821005,0.024131771,0.01877001,0.023994533,0.019390756,0.02444668,0.021679092,0.0184908,0.02428274,0.021715943,0.029862707,0.022794973,0.019167831,0.033947233,0.03931005,0.015122966,0.019688945,0.022263734,0.03154668,0.03065932,0.027602484,0.02448487,0.027682425,0.03407332,0.024333227,0.033435054,0.022902621,0.029717708,0.028145693,0.03492779,0.02639971,0.022588184,0.023586394,0.02549574
